sample_id,label,is_adversarial,volume_spike_ratio,price_impact_pct,order_cancel_rate,self_trade_ratio,timing_pattern_score,detection_confidence,detection_gate_passed,recommended_action
ADV-000000,spoofing,True,2.44638,5.106318,0.781018,0.026939,0.230193,0.907517,True,block
ADV-000001,normal,False,0.328683,1.345951,0.396068,0.028891,0.097899,0.08189,False,allow
ADV-000002,normal,False,0.485224,0.674296,0.239905,0.015129,0.189018,0.244953,False,allow
ADV-000003,layering,True,1.140087,1.902311,0.924417,0.020654,0.075087,0.729595,True,block
ADV-000004,normal,False,0.188094,0.992447,0.22134,0.02974,0.006833,0.243419,False,allow
ADV-000005,layering,True,2.309164,8.884778,0.51677,0.027445,0.208554,0.967836,True,block
ADV-000006,normal,False,0.439447,0.179404,0.358408,0.022156,0.183673,0.208018,False,allow
ADV-000007,normal,False,0.157181,1.661931,0.281549,0.021453,0.28724,0.143938,False,allow
ADV-000008,normal,False,0.179952,1.838526,0.11289,0.03237,0.083997,0.244856,False,allow
ADV-000009,spoofing,True,0.052808,0.211457,0.951945,0.042351,0.141437,0.795292,True,block
ADV-000010,normal,False,0.12219,1.449938,0.153994,0.028858,0.105326,0.075813,False,allow
ADV-000011,normal,False,0.092526,1.777086,0.185602,0.010345,0.238689,0.258835,False,allow
ADV-000012,normal,False,0.167877,0.364076,0.276493,0.007614,0.28289,0.293079,False,allow
ADV-000013,normal,False,0.094852,0.216209,0.196949,0.018591,0.06842,0.047226,False,allow
ADV-000014,wash_trading,True,1.605078,6.661924,0.110128,0.669615,0.162357,0.676975,True,block
ADV-000015,wash_trading,True,2.744194,2.601061,0.115239,0.893768,0.037813,0.700229,True,block
ADV-000016,normal,False,0.337996,1.098573,0.156703,0.028284,0.17432,0.088634,False,allow
ADV-000017,normal,False,0.285592,0.84207,0.119937,0.045036,0.02094,0.256495,False,allow
ADV-000018,spoofing,True,2.565468,0.388248,0.509332,0.028236,0.013421,0.618943,True,block
ADV-000019,pump_dump,True,0.895416,3.599831,0.239071,0.033323,0.130057,0.793988,True,block
ADV-000020,wash_trading,True,1.514943,2.126866,0.258235,0.485772,0.201282,0.727493,True,block
ADV-000021,normal,False,0.130537,1.584436,0.209294,0.039334,0.162071,0.266522,False,allow
ADV-000022,normal,False,0.036963,0.908908,0.316214,0.002063,0.12872,0.187758,False,allow
ADV-000023,normal,False,0.20263,1.642583,0.122907,0.003339,0.209695,0.231563,False,allow
ADV-000024,wash_trading,True,0.756633,7.945848,0.169665,0.321524,0.00749,0.912011,True,block
ADV-000025,normal,False,0.392762,1.200911,0.312671,0.005926,0.078797,0.235109,False,allow
ADV-000026,normal,False,0.1095,1.083259,0.138418,0.043054,0.046379,0.192284,False,allow
ADV-000027,normal,False,0.286989,1.117545,0.101762,0.006818,0.226732,0.043781,False,allow
ADV-000028,pump_dump,True,1.929365,3.236288,0.32556,0.035266,0.138124,0.625028,True,block
ADV-000029,wash_trading,True,1.695173,1.29715,0.215805,0.625088,0.251757,0.662236,True,block
ADV-000030,layering,True,1.764191,8.004658,0.609577,0.033651,0.235641,0.83102,True,block
ADV-000031,pump_dump,True,0.304053,5.037758,0.385595,0.040973,0.129097,0.960296,True,block
ADV-000032,normal,False,0.375979,0.082846,0.278724,0.015918,0.008615,0.150064,False,allow
ADV-000033,front_running,True,1.242892,9.014953,0.140504,0.001955,0.795127,0.947054,True,block
ADV-000034,layering,True,2.806507,6.783781,0.621746,0.016778,0.23225,0.921106,True,block
ADV-000035,pump_dump,True,0.012904,0.870299,0.385923,0.01005,0.079965,0.661162,True,block
ADV-000036,layering,True,1.494519,2.99811,0.561495,0.024978,0.046832,0.6656,True,block
ADV-000037,normal,False,0.090222,1.921701,0.149907,0.009653,0.150564,0.29509,False,allow
ADV-000038,wash_trading,True,2.377618,9.36865,0.107779,0.317689,0.180194,0.827988,True,block
ADV-000039,normal,False,0.190435,1.633945,0.306982,0.032403,0.20968,0.144112,False,allow
ADV-000040,normal,False,0.453449,1.898141,0.349142,0.043939,0.043513,0.056005,False,allow
ADV-000041,normal,False,0.318254,0.950592,0.340869,0.027724,0.248431,0.170804,False,allow
ADV-000042,normal,False,0.269264,1.296284,0.141632,0.012802,0.150643,0.012482,False,allow
ADV-000043,normal,False,0.120792,0.695081,0.257835,0.01174,0.222704,0.201395,False,allow
ADV-000044,normal,False,0.080294,1.908906,0.224483,0.046993,0.083404,0.055929,False,allow
ADV-000045,normal,False,0.208636,0.813006,0.265038,0.016246,0.137984,0.229678,False,allow
ADV-000046,front_running,True,2.280285,5.79796,0.315597,0.045216,0.820379,0.92693,True,block
ADV-000047,normal,False,0.261817,0.199607,0.222857,0.045628,0.293856,0.188728,False,allow
ADV-000048,layering,True,2.526978,8.599157,0.696777,0.008473,0.264022,0.645793,True,block
ADV-000049,layering,True,0.1517,7.636015,0.697764,0.046767,0.026281,0.730522,True,block
ADV-000050,normal,False,0.08115,1.707034,0.248857,0.044889,0.271007,0.278786,False,allow
ADV-000051,normal,False,0.293737,0.497724,0.1954,0.044609,0.089333,0.288556,False,allow
ADV-000052,normal,False,0.061141,0.185905,0.350095,0.022298,0.187501,0.032036,False,allow
ADV-000053,normal,False,0.233217,1.476192,0.20681,0.007443,0.244623,0.048917,False,allow
ADV-000054,normal,False,0.129234,0.374056,0.382924,0.036385,0.071277,0.093116,False,allow
ADV-000055,normal,False,0.270061,0.281763,0.170971,0.043476,0.018989,0.096123,False,allow
ADV-000056,normal,False,0.234268,0.09365,0.268551,0.034083,0.12226,0.016832,False,allow
ADV-000057,normal,False,0.473514,0.946767,0.148418,0.030411,0.277673,0.194625,False,allow
ADV-000058,normal,False,0.439038,0.08786,0.348985,0.034579,0.127726,0.227168,False,allow
ADV-000059,layering,True,0.160275,1.441371,0.854073,0.030096,0.278252,0.934888,True,block
ADV-000060,front_running,True,1.249988,1.175644,0.251426,0.024585,0.800769,0.710349,True,block
ADV-000061,normal,False,0.005897,0.333887,0.211628,0.015684,0.078077,0.031275,False,allow
ADV-000062,normal,False,0.379259,1.717513,0.304265,0.00667,0.251824,0.137015,False,allow
ADV-000063,spoofing,True,2.000392,0.979772,0.651129,0.046824,0.132099,0.884276,True,block
ADV-000064,normal,False,0.493611,0.004278,0.29361,0.015593,0.234004,0.299694,False,allow
ADV-000065,normal,False,0.399498,1.45509,0.164141,0.021214,0.239412,0.28754,False,allow
ADV-000066,normal,False,0.234583,1.236447,0.152845,0.035949,0.058963,0.026535,False,allow
ADV-000067,normal,False,0.492894,0.47561,0.225183,6.5e-05,0.1759,0.24461,False,allow
ADV-000068,normal,False,0.171854,1.188361,0.362559,0.047675,0.29559,0.040037,False,allow
ADV-000069,normal,False,0.027467,0.725511,0.229635,0.046971,0.063905,0.136253,False,allow
ADV-000070,normal,False,0.067427,1.823155,0.131348,0.020965,0.183505,0.297443,False,allow
ADV-000071,front_running,True,1.065613,1.999944,0.156021,0.032461,0.818076,0.719427,True,block
ADV-000072,normal,False,0.069941,0.645162,0.290943,0.038427,0.098828,0.068749,False,allow
ADV-000073,spoofing,True,1.149736,7.994521,0.700747,0.046739,0.076367,0.912405,True,block
ADV-000074,pump_dump,True,1.807922,4.96254,0.232811,0.007577,0.197639,0.780999,True,block
ADV-000075,spoofing,True,0.161959,8.980259,0.546614,0.006831,0.068383,0.951113,True,block
ADV-000076,normal,False,0.471027,0.095582,0.354375,0.00071,0.199739,0.208012,False,allow
ADV-000077,pump_dump,True,0.834852,2.122803,0.128393,0.043885,0.045862,0.897551,True,block
ADV-000078,normal,False,0.108062,1.633385,0.172048,0.038908,0.040465,0.184969,False,allow
ADV-000079,wash_trading,True,1.066389,3.749855,0.27484,0.657558,0.142451,0.920608,True,block
ADV-000080,layering,True,2.135881,6.116232,0.762002,0.030372,0.26333,0.98042,True,block
ADV-000081,front_running,True,2.032805,2.270273,0.287002,0.032952,0.767488,0.940059,True,block
ADV-000082,normal,False,0.264376,0.957079,0.301308,0.018571,0.079464,0.161787,False,allow
ADV-000083,normal,False,0.313604,0.585137,0.367198,0.004078,0.092865,0.203993,False,allow
ADV-000084,pump_dump,True,2.541471,3.088921,0.221031,0.035303,0.054521,0.824823,True,block
ADV-000085,normal,False,0.236347,1.909137,0.258414,0.028149,0.230047,0.259652,False,allow
ADV-000086,normal,False,0.461787,0.944756,0.399103,0.044979,0.149949,0.162804,False,allow
ADV-000087,front_running,True,0.908595,6.690171,0.122476,0.004683,0.998092,0.879721,True,block
ADV-000088,normal,False,0.02644,1.243077,0.287075,0.02252,0.081128,0.028923,False,allow
ADV-000089,layering,True,0.689424,9.3448,0.929142,0.004656,0.192324,0.697246,True,block
ADV-000090,normal,False,0.003365,0.265003,0.298013,0.010431,0.21972,0.086362,False,allow
ADV-000091,layering,True,1.22495,2.012808,0.606544,0.039679,0.055269,0.984957,True,block
ADV-000092,layering,True,2.094355,2.014613,0.849898,0.028002,0.232093,0.695602,True,block
ADV-000093,normal,False,0.255468,0.966591,0.198043,0.023774,0.132616,0.146543,False,allow
ADV-000094,pump_dump,True,1.585515,0.509882,0.145836,0.027192,0.070021,0.641069,True,block
ADV-000095,front_running,True,2.84449,7.443063,0.199612,0.04224,0.701615,0.880313,True,block
ADV-000096,normal,False,0.103268,1.357053,0.142186,0.031753,0.002283,0.018218,False,allow
ADV-000097,pump_dump,True,0.822444,2.001112,0.336462,0.031071,0.101774,0.741917,True,block
ADV-000098,normal,False,0.251603,1.099506,0.139586,0.001757,0.17023,0.091046,False,allow
ADV-000099,normal,False,0.396418,1.490623,0.369777,0.03664,0.0519,0.254624,False,allow
ADV-000100,pump_dump,True,1.898491,7.780884,0.353382,0.040276,0.012837,0.636238,True,block
ADV-000101,normal,False,0.212879,1.07976,0.249263,0.04605,0.297845,0.250293,False,allow
ADV-000102,wash_trading,True,1.681771,7.416328,0.356768,0.817589,0.128978,0.776049,True,block
ADV-000103,normal,False,0.285991,1.033197,0.37989,0.006184,0.080551,0.111215,False,allow
ADV-000104,normal,False,0.226999,1.344921,0.188622,0.035228,0.183652,0.182825,False,allow
ADV-000105,normal,False,0.388547,1.901927,0.336112,0.038134,0.133678,0.221018,False,allow
ADV-000106,normal,False,0.380918,1.429559,0.325145,0.005997,0.126289,0.065189,False,allow
ADV-000107,wash_trading,True,2.989773,2.135375,0.114673,0.552778,0.074347,0.849145,True,block
ADV-000108,layering,True,1.600997,8.201658,0.963996,0.034512,0.206656,0.647831,True,block
ADV-000109,front_running,True,1.445405,5.942151,0.159283,0.017053,0.799357,0.613263,False,allow
ADV-000110,wash_trading,True,0.181183,5.639603,0.383825,0.763743,0.255338,0.850413,True,block
ADV-000111,normal,False,0.058823,1.233488,0.283654,0.012154,0.221099,0.078311,False,allow
ADV-000112,pump_dump,True,1.324522,3.895676,0.269344,0.021752,0.042869,0.762831,True,block
ADV-000113,normal,False,0.163085,1.656596,0.134393,0.001422,0.002832,0.03043,False,allow
ADV-000114,normal,False,0.185745,1.723503,0.231102,0.027643,0.039529,0.257948,False,allow
ADV-000115,wash_trading,True,2.535963,6.253148,0.131479,0.412238,0.27303,0.829628,True,block
ADV-000116,normal,False,0.397942,0.080669,0.373737,0.034955,0.194015,0.210415,False,allow
ADV-000117,normal,False,0.013234,1.181428,0.141344,0.03853,0.019988,0.11788,False,allow
ADV-000118,normal,False,0.258846,1.218599,0.154432,0.042334,0.063665,0.041634,False,allow
ADV-000119,normal,False,0.045176,0.505169,0.108616,0.035061,0.247794,0.062379,False,allow
ADV-000120,normal,False,0.033248,0.626859,0.25741,0.007641,0.291535,0.056531,False,allow
ADV-000121,wash_trading,True,1.863743,5.115257,0.353548,0.895541,0.174068,0.717993,True,block
ADV-000122,normal,False,0.456692,1.178315,0.349945,0.020856,0.185001,0.064489,False,allow
ADV-000123,pump_dump,True,2.993,1.473806,0.395677,0.026594,0.140527,0.85527,True,block
ADV-000124,wash_trading,True,0.198894,5.899513,0.163268,0.842405,0.292566,0.827492,True,block
ADV-000125,normal,False,0.24175,0.323281,0.316015,0.003581,0.119206,0.132665,False,allow
ADV-000126,wash_trading,True,0.116033,8.985761,0.118221,0.543158,0.053039,0.608652,False,allow
ADV-000127,normal,False,0.26457,0.956288,0.15987,0.023381,0.177666,0.152007,False,allow
ADV-000128,normal,False,0.125233,1.227687,0.255575,0.011761,0.081692,0.257911,False,allow
ADV-000129,normal,False,0.415591,1.012356,0.254757,0.042038,0.133314,0.201847,False,allow
ADV-000130,normal,False,0.021126,0.864876,0.263677,0.015197,0.08535,0.070658,False,allow
ADV-000131,normal,False,0.039648,0.795762,0.144343,0.04668,0.112384,0.185069,False,allow
ADV-000132,normal,False,0.283732,0.678609,0.321534,0.02352,0.150316,0.166204,False,allow
ADV-000133,normal,False,0.335254,1.258376,0.356972,0.043579,0.26736,0.216821,False,allow
ADV-000134,spoofing,True,2.149563,8.113456,0.563832,0.006906,0.074905,0.64127,True,block
ADV-000135,front_running,True,1.984095,3.119634,0.311066,0.025195,0.897736,0.606095,False,allow
ADV-000136,normal,False,0.024673,0.73323,0.150904,0.020768,0.139055,0.171669,False,allow
ADV-000137,normal,False,0.483024,1.21333,0.259049,0.028382,0.032904,0.062245,False,allow
ADV-000138,spoofing,True,1.831155,1.680684,0.76658,0.048808,0.229526,0.859827,True,block
ADV-000139,normal,False,0.080506,0.179315,0.267407,0.047218,0.095586,0.212093,False,allow
ADV-000140,layering,True,0.403493,3.478693,0.52701,0.001987,0.138664,0.96113,True,block
ADV-000141,normal,False,0.038743,1.239283,0.213338,0.004144,0.100189,0.120009,False,allow
ADV-000142,front_running,True,0.960819,0.168973,0.329239,0.012885,0.9327,0.752549,True,block
ADV-000143,normal,False,0.194526,0.777801,0.396977,0.036481,0.238735,0.051228,False,allow
ADV-000144,layering,True,2.53176,0.398245,0.946581,0.002625,0.260217,0.68847,True,block
ADV-000145,front_running,True,0.490278,9.047127,0.126463,0.042323,0.769191,0.876397,True,block
ADV-000146,normal,False,0.155365,0.983732,0.32331,0.042143,0.197533,0.286056,False,allow
ADV-000147,pump_dump,True,1.04518,7.330256,0.163046,0.048745,0.150308,0.94574,True,block
ADV-000148,normal,False,0.473688,0.861222,0.385353,0.001844,0.085009,0.186809,False,allow
ADV-000149,layering,True,0.383768,9.105881,0.938217,0.018605,0.220629,0.68983,True,block
ADV-000150,normal,False,0.301997,0.877659,0.23465,0.043897,0.136722,0.211408,False,allow
ADV-000151,layering,True,1.929059,8.555418,0.878898,0.047677,0.014325,0.899007,True,block
ADV-000152,layering,True,2.917602,0.783223,0.705892,0.021051,0.183369,0.747271,True,block
ADV-000153,normal,False,0.320186,0.787125,0.103691,0.033919,0.223436,0.2274,False,allow
ADV-000154,normal,False,0.377736,1.278939,0.340458,0.041761,0.130374,0.274721,False,allow
ADV-000155,normal,False,0.359679,0.226753,0.399912,0.007829,0.200656,0.151621,False,allow
ADV-000156,normal,False,0.260878,1.706319,0.244733,0.014942,0.269886,0.274517,False,allow
ADV-000157,pump_dump,True,0.2947,0.096755,0.109729,0.016998,0.135251,0.977981,True,block
ADV-000158,wash_trading,True,0.313843,6.503002,0.113823,0.387601,0.034298,0.748031,True,block
ADV-000159,normal,False,0.109844,0.680254,0.384283,0.028428,0.234318,0.270011,False,allow
ADV-000160,normal,False,0.201887,1.323543,0.101511,0.020818,0.194587,0.229219,False,allow
ADV-000161,normal,False,0.311958,0.706729,0.138815,0.024579,0.294781,0.255151,False,allow
ADV-000162,normal,False,0.011384,1.261002,0.355144,0.035706,0.030992,0.151515,False,allow
ADV-000163,spoofing,True,2.439286,9.289103,0.731371,0.04358,0.040795,0.767726,True,block
ADV-000164,layering,True,2.186259,9.364003,0.820161,0.046519,0.119551,0.979882,True,block
ADV-000165,normal,False,0.227285,1.072753,0.125429,0.049035,0.299692,0.17525,False,allow
ADV-000166,normal,False,0.480004,0.471481,0.324223,0.031811,0.134289,0.286779,False,allow
ADV-000167,pump_dump,True,1.765263,9.958894,0.352115,0.030794,0.200706,0.628371,True,block
ADV-000168,pump_dump,True,1.764404,6.155223,0.116578,0.034014,0.134885,0.729343,True,block
ADV-000169,normal,False,0.179745,0.641106,0.341715,0.030267,0.088879,0.103626,False,allow
ADV-000170,front_running,True,0.221988,4.228805,0.169356,0.029186,0.89369,0.845571,True,block
ADV-000171,normal,False,0.211442,1.520908,0.186413,0.042151,0.003948,0.264496,False,allow
ADV-000172,normal,False,0.361322,1.777506,0.194489,0.014021,0.062926,0.16848,False,allow
ADV-000173,normal,False,0.234267,0.68608,0.103332,0.045429,0.028353,0.168051,False,allow
ADV-000174,layering,True,2.742091,5.975059,0.92654,0.038665,0.146502,0.729624,True,block
ADV-000175,normal,False,0.263058,1.946354,0.21176,0.001232,0.110485,0.28033,False,allow
ADV-000176,normal,False,0.445558,0.612458,0.28457,0.031709,0.015423,0.251815,False,allow
ADV-000177,pump_dump,True,1.056579,8.049958,0.337845,0.04509,0.139696,0.985654,True,block
ADV-000178,normal,False,0.439969,1.878619,0.265998,0.009592,0.273447,0.298439,False,allow
ADV-000179,layering,True,0.127665,7.997544,0.7544,0.011333,0.211743,0.835711,True,block
ADV-000180,normal,False,0.329133,0.248017,0.307722,0.028865,0.177813,0.187013,False,allow
ADV-000181,layering,True,1.229811,3.992448,0.681119,0.001666,0.209628,0.911069,True,block
ADV-000182,normal,False,0.378642,0.528057,0.309814,0.01192,0.164896,0.220745,False,allow
ADV-000183,normal,False,0.476353,0.071899,0.315699,0.042078,0.274456,0.130277,False,allow
ADV-000184,normal,False,0.485389,1.821474,0.339503,0.011251,0.138174,0.110424,False,allow
ADV-000185,normal,False,0.457352,0.289056,0.241495,0.015338,0.176853,0.030439,False,allow
ADV-000186,normal,False,0.244707,1.469341,0.124907,0.000548,0.087912,0.018934,False,allow
ADV-000187,normal,False,0.137401,0.822527,0.162319,0.002687,0.24384,0.2164,False,allow
ADV-000188,normal,False,0.300665,1.879325,0.189762,0.001996,0.163299,0.269502,False,allow
ADV-000189,normal,False,0.068293,1.612736,0.276965,0.04605,0.067161,0.247419,False,allow
ADV-000190,wash_trading,True,1.007546,3.051249,0.228752,0.614985,0.093103,0.760555,True,block
ADV-000191,layering,True,2.670041,3.186317,0.663627,0.042835,0.151027,0.987128,True,block
ADV-000192,spoofing,True,2.944773,4.896849,0.507203,0.008604,0.103924,0.756732,True,block
ADV-000193,normal,False,0.392937,0.605574,0.387081,0.016817,0.165815,0.219909,False,allow
ADV-000194,pump_dump,True,1.136013,0.95682,0.235654,0.043293,0.040834,0.627018,True,block
ADV-000195,normal,False,0.362518,1.267896,0.156705,0.033444,0.143924,0.069643,False,allow
ADV-000196,wash_trading,True,0.350743,9.947464,0.184206,0.639617,0.003044,0.918166,True,block
ADV-000197,spoofing,True,2.400341,9.784243,0.88853,0.003174,0.295403,0.781797,True,block
ADV-000198,normal,False,0.449381,0.314388,0.224718,0.044607,0.06319,0.191861,False,allow
ADV-000199,normal,False,0.263125,0.380745,0.26947,0.020097,0.04164,0.255967,False,allow
ADV-000200,normal,False,0.22503,0.388595,0.343696,0.041399,0.142692,0.066681,False,allow
ADV-000201,normal,False,0.494765,1.736468,0.392513,0.047809,0.195389,0.258914,False,allow
ADV-000202,normal,False,0.03547,1.637103,0.269539,0.006234,0.050421,0.293224,False,allow
ADV-000203,normal,False,0.044513,1.984536,0.158223,0.044529,0.155936,0.162681,False,allow
ADV-000204,layering,True,0.293413,5.605574,0.86897,0.013694,0.24986,0.778245,True,block
ADV-000205,normal,False,0.190917,1.202604,0.255859,0.009024,0.15059,0.277149,False,allow
ADV-000206,normal,False,0.095969,0.751885,0.106054,0.02012,0.000484,0.146064,False,allow
ADV-000207,normal,False,0.329891,0.787878,0.144261,0.01253,0.20864,0.190113,False,allow
ADV-000208,normal,False,0.061782,0.667833,0.346709,0.018103,0.278205,0.055608,False,allow
ADV-000209,spoofing,True,0.071702,9.037721,0.986838,0.037922,0.199392,0.919534,True,block
ADV-000210,front_running,True,1.181536,1.361709,0.26593,0.024863,0.863682,0.605072,False,allow
ADV-000211,layering,True,0.388023,1.790852,0.737794,0.048975,0.04903,0.981893,True,block
ADV-000212,normal,False,0.074858,0.376725,0.294956,0.02023,0.089963,0.180626,False,allow
ADV-000213,normal,False,0.361147,0.448724,0.34827,0.024351,0.022279,0.265407,False,allow
ADV-000214,normal,False,0.241492,0.305559,0.246106,0.025512,0.247327,0.184464,False,allow
ADV-000215,spoofing,True,2.967201,7.150539,0.600863,0.040391,0.280429,0.900506,True,block
ADV-000216,normal,False,0.371254,1.139887,0.231453,0.042017,0.286962,0.270859,False,allow
ADV-000217,normal,False,0.313317,1.416806,0.211327,0.041334,0.015282,0.013845,False,allow
ADV-000218,spoofing,True,1.759534,2.94804,0.50243,0.048664,0.081418,0.971683,True,block
ADV-000219,normal,False,0.484332,1.598679,0.325081,0.003948,0.058284,0.147823,False,allow
ADV-000220,wash_trading,True,0.802473,2.475,0.320258,0.576486,0.038863,0.694773,True,block
ADV-000221,pump_dump,True,2.426847,2.049649,0.318766,0.044394,0.125281,0.94724,True,block
ADV-000222,pump_dump,True,0.250708,0.560657,0.339853,0.022062,0.131767,0.681617,True,block
ADV-000223,layering,True,1.511165,0.627571,0.780168,0.009384,0.091334,0.967503,True,block
ADV-000224,front_running,True,1.738374,1.358081,0.13106,0.030871,0.922568,0.795792,True,block
ADV-000225,pump_dump,True,1.508208,8.179497,0.249132,0.023719,0.003814,0.853039,True,block
ADV-000226,front_running,True,0.613194,3.722931,0.178411,0.00065,0.753555,0.759242,True,block
ADV-000227,normal,False,0.363367,1.470491,0.131916,0.014003,0.210704,0.10852,False,allow
ADV-000228,normal,False,0.009273,1.573774,0.398584,0.023649,0.238064,0.135289,False,allow
ADV-000229,normal,False,0.406279,1.435229,0.239395,0.009075,0.09363,0.257121,False,allow
ADV-000230,spoofing,True,1.331668,4.936959,0.664347,0.019164,0.230314,0.921883,True,block
ADV-000231,normal,False,0.481245,1.302065,0.315793,0.034617,0.202917,0.070928,False,allow
ADV-000232,normal,False,0.446167,1.481044,0.333409,0.006329,0.172359,0.281338,False,allow
ADV-000233,pump_dump,True,0.857053,5.842212,0.196083,0.022733,0.277023,0.672176,True,block
ADV-000234,normal,False,0.193873,0.686091,0.217946,0.027463,0.200447,0.184788,False,allow
ADV-000235,layering,True,2.387849,7.76085,0.955554,0.041854,0.259409,0.889545,True,block
ADV-000236,spoofing,True,2.03349,0.88232,0.780629,0.041953,0.195955,0.947533,True,block
ADV-000237,normal,False,0.481545,0.539956,0.25617,0.012564,0.157279,0.273982,False,allow
ADV-000238,layering,True,0.129308,1.793294,0.70836,0.011687,0.064456,0.716946,True,block
ADV-000239,spoofing,True,2.534152,8.295134,0.966265,0.01215,0.259961,0.851344,True,block
ADV-000240,front_running,True,2.735361,5.758233,0.284193,0.026056,0.949393,0.873883,True,block
ADV-000241,normal,False,0.266076,1.185241,0.121839,0.03645,0.081531,0.157358,False,allow
ADV-000242,layering,True,1.01234,8.391073,0.769548,0.003176,0.164189,0.918953,True,block
ADV-000243,layering,True,0.741561,3.293385,0.904228,0.045435,0.077133,0.854975,True,block
ADV-000244,normal,False,0.093021,1.346701,0.339957,0.044541,0.062293,0.132899,False,allow
ADV-000245,normal,False,0.333544,1.717205,0.251382,0.023428,0.030435,0.026365,False,allow
ADV-000246,normal,False,0.244358,0.71324,0.385393,0.047085,0.072649,0.143551,False,allow
ADV-000247,normal,False,0.012769,1.07781,0.122484,0.024275,0.229744,0.071377,False,allow
ADV-000248,normal,False,0.371463,1.913099,0.323904,0.048939,0.166074,0.217277,False,allow
ADV-000249,normal,False,0.365921,1.136622,0.321877,0.04203,0.059479,0.174138,False,allow
ADV-000250,normal,False,0.130114,0.865154,0.36886,0.024467,0.289426,0.064355,False,allow
ADV-000251,wash_trading,True,0.904157,4.861327,0.211617,0.705378,0.043178,0.66454,True,block
ADV-000252,spoofing,True,1.347429,8.20839,0.5237,0.027785,0.079246,0.654952,True,block
ADV-000253,normal,False,0.494485,1.207034,0.362889,0.021268,0.150015,0.22645,False,allow
ADV-000254,normal,False,0.312581,1.850336,0.142357,0.042245,0.221547,0.244664,False,allow
ADV-000255,pump_dump,True,0.147881,2.027141,0.322198,0.039721,0.139175,0.605928,False,allow
ADV-000256,layering,True,0.164805,7.343388,0.668182,0.013443,0.260647,0.86945,True,block
ADV-000257,pump_dump,True,0.944517,2.004025,0.133984,0.04834,0.227282,0.61117,False,allow
ADV-000258,normal,False,0.271869,0.860442,0.326443,0.044961,0.006988,0.032243,False,allow
ADV-000259,normal,False,0.207163,0.815156,0.310425,0.022675,0.291088,0.080828,False,allow
ADV-000260,front_running,True,1.877236,6.254011,0.114872,0.034414,0.722718,0.793075,True,block
ADV-000261,front_running,True,1.395119,1.459674,0.391439,0.042051,0.714311,0.950489,True,block
ADV-000262,normal,False,0.182499,0.159133,0.37742,0.004023,0.105484,0.189458,False,allow
ADV-000263,normal,False,0.149199,0.304694,0.136239,0.040951,0.200432,0.051993,False,allow
ADV-000264,normal,False,0.240781,0.314686,0.187241,0.010608,0.150802,0.230848,False,allow
ADV-000265,normal,False,0.091483,1.871223,0.375108,0.025935,0.130664,0.224441,False,allow
ADV-000266,wash_trading,True,0.777724,1.22073,0.325936,0.567693,0.173454,0.901026,True,block
ADV-000267,wash_trading,True,2.788779,5.298263,0.19672,0.36971,0.140029,0.846486,True,block
ADV-000268,normal,False,0.076744,1.352796,0.310547,0.008757,0.055031,0.065627,False,allow
ADV-000269,normal,False,0.441684,0.245154,0.15205,0.039663,0.05408,0.05136,False,allow
ADV-000270,normal,False,0.446371,0.078888,0.215922,0.009239,0.189861,0.160244,False,allow
ADV-000271,spoofing,True,2.260834,1.965969,0.950737,0.038767,0.128371,0.654854,True,block
ADV-000272,normal,False,0.494249,0.53309,0.208315,0.029046,0.081726,0.255481,False,allow
ADV-000273,normal,False,0.128189,0.869381,0.386749,0.03123,0.186429,0.230783,False,allow
ADV-000274,normal,False,0.2975,1.303094,0.132554,0.012084,0.140335,0.012294,False,allow
ADV-000275,normal,False,0.421783,1.889104,0.329582,0.019845,0.293336,0.043025,False,allow
ADV-000276,wash_trading,True,2.726149,8.312334,0.38646,0.752017,0.015158,0.971792,True,block
ADV-000277,normal,False,0.474947,1.706146,0.104705,0.043264,0.03549,0.114792,False,allow
ADV-000278,wash_trading,True,1.025381,3.112989,0.177221,0.74037,0.211885,0.879583,True,block
ADV-000279,normal,False,0.101904,1.128948,0.139533,0.014328,0.225035,0.122978,False,allow
ADV-000280,normal,False,0.154147,1.168963,0.355932,0.039398,0.073817,0.203048,False,allow
ADV-000281,spoofing,True,2.236923,7.111616,0.814565,0.048408,0.283384,0.914813,True,block
ADV-000282,normal,False,0.320665,1.990729,0.295969,0.01473,0.216018,0.227747,False,allow
ADV-000283,normal,False,0.248015,1.080643,0.374121,0.028163,0.032864,0.015581,False,allow
ADV-000284,normal,False,0.284283,0.180193,0.371911,0.03078,0.078596,0.108708,False,allow
ADV-000285,pump_dump,True,0.9054,7.183358,0.316677,0.044667,0.066944,0.699915,True,block
ADV-000286,normal,False,0.062768,0.678567,0.258568,0.00471,0.212789,0.222592,False,allow
ADV-000287,normal,False,0.216003,0.332609,0.109938,0.005527,0.232607,0.083469,False,allow
ADV-000288,normal,False,0.298339,1.36156,0.279749,0.000413,0.157573,0.221042,False,allow
ADV-000289,layering,True,1.40348,7.49485,0.668029,0.046275,0.205229,0.770507,True,block
ADV-000290,normal,False,0.339341,1.095864,0.376139,0.012403,0.187863,0.128444,False,allow
ADV-000291,normal,False,0.108287,1.620014,0.154278,0.0063,0.264545,0.035106,False,allow
ADV-000292,normal,False,0.447175,0.560854,0.236185,0.040685,0.111958,0.125695,False,allow
ADV-000293,normal,False,0.419215,0.744646,0.139077,0.01098,0.20292,0.02728,False,allow
ADV-000294,spoofing,True,2.486823,5.312062,0.977528,0.020066,0.288861,0.610196,False,allow
ADV-000295,pump_dump,True,2.919121,6.997857,0.162515,0.013502,0.269414,0.965849,True,block
ADV-000296,layering,True,0.399056,1.392786,0.759181,0.007892,0.254873,0.794565,True,block
ADV-000297,normal,False,0.168005,0.849117,0.218716,0.014249,0.185231,0.160114,False,allow
ADV-000298,normal,False,0.217653,0.32888,0.381856,0.015023,0.241188,0.229263,False,allow
ADV-000299,wash_trading,True,1.797533,8.7855,0.338231,0.895391,0.223765,0.737784,True,block
ADV-000300,wash_trading,True,1.161823,0.833661,0.191739,0.835439,0.061428,0.674644,True,block
ADV-000301,pump_dump,True,0.480928,6.548293,0.121889,0.017489,0.299857,0.684668,True,block
ADV-000302,normal,False,0.417051,1.408078,0.125868,0.006387,0.271347,0.271238,False,allow
ADV-000303,spoofing,True,2.684938,7.960681,0.574563,0.033104,0.005405,0.873132,True,block
ADV-000304,normal,False,0.297248,1.07924,0.233118,0.032172,0.021392,0.149355,False,allow
ADV-000305,wash_trading,True,0.507753,3.195204,0.277479,0.816972,0.156353,0.819465,True,block
ADV-000306,wash_trading,True,2.840184,1.293743,0.256406,0.525053,0.228249,0.829212,True,block
ADV-000307,normal,False,0.380892,0.778586,0.365787,0.011684,0.101709,0.260109,False,allow
ADV-000308,normal,False,0.193058,1.734481,0.134157,0.029795,0.096766,0.183031,False,allow
ADV-000309,spoofing,True,0.372124,3.686663,0.594816,0.029098,0.056073,0.795171,True,block
ADV-000310,layering,True,1.027619,9.953928,0.600054,0.015876,0.04941,0.686715,True,block
ADV-000311,normal,False,0.177678,0.157586,0.351225,0.003368,0.022059,0.209991,False,allow
ADV-000312,normal,False,0.21901,1.445431,0.138337,0.047466,0.009623,0.051495,False,allow
ADV-000313,normal,False,0.422536,1.176909,0.371707,0.04072,0.089669,0.104675,False,allow
ADV-000314,wash_trading,True,1.54647,8.324211,0.284974,0.325614,0.175208,0.765084,True,block
ADV-000315,normal,False,0.164715,0.343069,0.255157,0.009244,0.011049,0.240617,False,allow
ADV-000316,pump_dump,True,1.072253,5.749536,0.249656,0.009914,0.197557,0.683324,True,block
ADV-000317,spoofing,True,2.75166,3.995443,0.698488,0.049232,0.134392,0.711314,True,block
ADV-000318,spoofing,True,2.854371,4.159832,0.820681,0.036211,0.128975,0.846306,True,block
ADV-000319,layering,True,2.910141,2.750347,0.680582,0.042508,0.189574,0.706725,True,block
ADV-000320,normal,False,0.057514,1.194196,0.384398,0.039432,0.071621,0.072052,False,allow
ADV-000321,layering,True,2.160564,1.68897,0.650497,0.0383,0.297154,0.687471,True,block
ADV-000322,normal,False,0.076819,1.9856,0.213696,0.048436,0.045719,0.187402,False,allow
ADV-000323,spoofing,True,0.234199,0.549015,0.985399,0.044989,0.284152,0.87272,True,block
ADV-000324,pump_dump,True,0.857654,9.589894,0.232703,0.048255,0.103235,0.669272,True,block
ADV-000325,normal,False,0.260518,1.003006,0.137061,0.030881,0.076687,0.039532,False,allow
ADV-000326,normal,False,0.497709,1.452635,0.218804,3.7e-05,0.025874,0.2274,False,allow
ADV-000327,wash_trading,True,1.021888,4.075844,0.114723,0.599226,0.266432,0.721539,True,block
ADV-000328,spoofing,True,2.586362,7.269383,0.574811,0.003927,0.121997,0.746366,True,block
ADV-000329,pump_dump,True,0.89278,4.823573,0.302491,0.016711,0.223264,0.877234,True,block
ADV-000330,spoofing,True,0.388532,7.599967,0.982264,0.01236,0.207925,0.917922,True,block
ADV-000331,layering,True,2.273863,0.104011,0.923629,0.006975,0.021852,0.684274,True,block
ADV-000332,wash_trading,True,1.230852,8.957024,0.16437,0.87887,0.023095,0.626535,True,block
ADV-000333,wash_trading,True,0.019038,2.7849,0.237296,0.669363,0.086496,0.945205,True,block
ADV-000334,normal,False,0.150306,1.851658,0.286085,0.028485,0.054084,0.072442,False,allow
ADV-000335,normal,False,0.236677,1.26852,0.138112,0.032983,0.028548,0.137335,False,allow
ADV-000336,wash_trading,True,1.46496,4.279888,0.17257,0.615405,0.105528,0.621268,True,block
ADV-000337,normal,False,0.200658,1.554998,0.121507,0.009036,0.045299,0.140172,False,allow
ADV-000338,normal,False,0.218527,0.389085,0.377947,0.024935,0.240816,0.103118,False,allow
ADV-000339,normal,False,0.005203,0.989166,0.148988,0.048738,0.193047,0.09083,False,allow
ADV-000340,normal,False,0.208913,1.455627,0.167657,0.034057,0.149217,0.016855,False,allow
ADV-000341,normal,False,0.214997,0.781643,0.143502,0.034461,0.1708,0.114115,False,allow
ADV-000342,normal,False,0.441085,0.515377,0.150983,0.012488,0.047415,0.19677,False,allow
ADV-000343,normal,False,0.43883,0.270862,0.241242,0.0206,0.017481,0.052237,False,allow
ADV-000344,normal,False,0.24148,1.437334,0.176155,0.039816,0.229883,0.182122,False,allow
ADV-000345,normal,False,0.304575,1.732427,0.289359,0.042864,0.163462,0.078479,False,allow
ADV-000346,front_running,True,2.842672,6.412879,0.233064,0.023197,0.708288,0.770432,True,block
ADV-000347,normal,False,0.385843,1.556582,0.119382,0.01405,0.286306,0.278134,False,allow
ADV-000348,normal,False,0.297289,0.987572,0.21841,0.015764,0.173903,0.056313,False,allow
ADV-000349,wash_trading,True,2.554986,5.546425,0.27318,0.487603,0.252311,0.826612,True,block
ADV-000350,pump_dump,True,2.140037,3.507684,0.227686,0.001909,0.036548,0.929693,True,block
ADV-000351,normal,False,0.40408,1.387748,0.210821,0.044124,0.131179,0.117469,False,allow
ADV-000352,normal,False,0.200719,0.555292,0.272141,0.017203,0.27335,0.157372,False,allow
ADV-000353,front_running,True,0.499749,4.14759,0.334403,0.049032,0.703696,0.814089,True,block
ADV-000354,normal,False,0.497425,0.862225,0.297758,0.046941,0.098457,0.058474,False,allow
ADV-000355,spoofing,True,2.164333,4.359241,0.637083,0.02126,0.221815,0.725904,True,block
ADV-000356,wash_trading,True,1.0038,7.219373,0.308308,0.431152,0.215985,0.819618,True,block
ADV-000357,normal,False,0.130292,1.999067,0.397146,0.043608,0.282942,0.034247,False,allow
ADV-000358,wash_trading,True,1.998967,6.859701,0.2423,0.853355,0.285995,0.80818,True,block
ADV-000359,normal,False,0.181377,1.379829,0.205758,0.024163,0.156283,0.106628,False,allow
ADV-000360,layering,True,0.570939,7.898979,0.836184,0.028641,0.065317,0.680257,True,block
ADV-000361,normal,False,0.014834,1.253452,0.301649,0.041722,0.059335,0.07898,False,allow
ADV-000362,normal,False,0.250614,1.822842,0.195076,0.018406,0.014492,0.216477,False,allow
ADV-000363,layering,True,0.307568,3.406595,0.698494,0.017559,0.186685,0.741286,True,block
ADV-000364,normal,False,0.183989,1.838524,0.287365,0.027631,0.217253,0.186823,False,allow
ADV-000365,normal,False,0.039125,0.985091,0.26555,0.014898,0.274152,0.01829,False,allow
ADV-000366,wash_trading,True,0.838295,9.618426,0.309504,0.407793,0.217387,0.63465,True,block
ADV-000367,normal,False,0.199126,0.526265,0.1576,0.03262,0.205645,0.288342,False,allow
ADV-000368,normal,False,0.468885,0.694884,0.191974,0.008911,0.288757,0.178285,False,allow
ADV-000369,front_running,True,0.94441,2.29944,0.316088,0.010857,0.93732,0.730147,True,block
ADV-000370,normal,False,0.376157,0.619396,0.219686,0.016243,0.21292,0.023469,False,allow
ADV-000371,pump_dump,True,2.313951,9.095204,0.320501,0.011296,0.14388,0.776281,True,block
ADV-000372,normal,False,0.029219,1.225963,0.128975,0.020405,0.17364,0.254143,False,allow
ADV-000373,normal,False,0.358476,1.949972,0.181897,0.009453,0.236812,0.029754,False,allow
ADV-000374,normal,False,0.131336,0.427085,0.231898,0.006254,0.137455,0.025175,False,allow
ADV-000375,layering,True,1.835454,0.552029,0.804128,0.016212,0.280086,0.84494,True,block
ADV-000376,layering,True,2.171744,4.254057,0.666128,0.03912,0.177961,0.902515,True,block
ADV-000377,normal,False,0.035166,1.276787,0.370329,0.00123,0.087898,0.02582,False,allow
ADV-000378,layering,True,2.841677,7.475805,0.809957,0.027853,0.245792,0.642932,True,block
ADV-000379,spoofing,True,0.116545,0.666364,0.96428,0.047474,0.111285,0.680308,True,block
ADV-000380,spoofing,True,2.23799,9.048437,0.657152,0.048159,0.134249,0.755074,True,block
ADV-000381,normal,False,0.273305,1.984486,0.237678,0.040532,0.260821,0.054718,False,allow
ADV-000382,wash_trading,True,1.132562,9.469335,0.277979,0.446185,0.147893,0.942437,True,block
ADV-000383,normal,False,0.312822,1.152074,0.254092,0.017396,0.285592,0.069387,False,allow
ADV-000384,layering,True,0.097378,6.197659,0.544812,0.009381,0.016527,0.973225,True,block
ADV-000385,spoofing,True,1.900592,9.124425,0.94172,0.017839,0.072364,0.940974,True,block
ADV-000386,normal,False,0.062198,1.449215,0.229958,0.042581,0.001778,0.201057,False,allow
ADV-000387,normal,False,0.015607,1.402392,0.270887,0.030907,0.114863,0.241527,False,allow
ADV-000388,normal,False,0.158181,0.623128,0.179215,0.015717,0.273818,0.182271,False,allow
ADV-000389,normal,False,0.475626,1.040495,0.216938,0.048028,0.015464,0.07699,False,allow
ADV-000390,pump_dump,True,0.911994,0.862051,0.228579,0.012206,0.21297,0.928136,True,block
ADV-000391,normal,False,0.058077,0.261197,0.304836,0.030542,0.065359,0.014342,False,allow
ADV-000392,wash_trading,True,2.230494,6.988686,0.194806,0.801933,0.132331,0.802075,True,block
ADV-000393,normal,False,0.284648,1.020667,0.128968,0.003821,0.003946,0.19558,False,allow
ADV-000394,spoofing,True,2.457651,7.97587,0.908587,0.039658,0.130499,0.784454,True,block
ADV-000395,normal,False,0.410103,0.317599,0.108848,0.008676,0.117578,0.051772,False,allow
ADV-000396,normal,False,0.377867,1.120309,0.152307,0.000281,0.255727,0.028483,False,allow
ADV-000397,layering,True,0.01326,4.759607,0.761904,0.023002,0.270591,0.73754,True,block
ADV-000398,normal,False,0.057044,0.593216,0.304866,0.008973,0.141014,0.198631,False,allow
ADV-000399,normal,False,0.245715,1.161143,0.1384,0.037086,0.118553,0.038339,False,allow
ADV-000400,normal,False,0.110511,1.423785,0.257007,0.023809,0.190933,0.186736,False,allow
ADV-000401,pump_dump,True,0.280738,3.909749,0.245102,0.034574,0.193703,0.894631,True,block
ADV-000402,pump_dump,True,1.806621,4.944073,0.383459,0.032713,0.070752,0.705717,True,block
ADV-000403,spoofing,True,0.84872,8.142925,0.69331,0.039432,0.297292,0.903779,True,block
ADV-000404,normal,False,0.484898,0.83765,0.219207,0.033261,0.074308,0.127933,False,allow
ADV-000405,normal,False,0.307274,1.573008,0.24275,0.010351,0.060876,0.296329,False,allow
ADV-000406,normal,False,0.163556,1.07291,0.276445,0.033411,0.17133,0.098198,False,allow
ADV-000407,normal,False,0.432438,0.082837,0.331444,0.034624,0.100405,0.241481,False,allow
ADV-000408,normal,False,0.308586,1.867964,0.19362,0.048146,0.141781,0.14299,False,allow
ADV-000409,pump_dump,True,1.914321,7.118181,0.387555,0.016553,0.225266,0.66521,True,block
ADV-000410,pump_dump,True,0.39273,5.571381,0.288438,0.001366,0.020132,0.651901,True,block
ADV-000411,pump_dump,True,0.376576,9.649709,0.38895,0.040555,0.157302,0.877428,True,block
ADV-000412,normal,False,0.134145,1.05227,0.357818,0.016087,0.143896,0.211103,False,allow
ADV-000413,normal,False,0.124461,1.746188,0.320039,0.044614,0.269229,0.091034,False,allow
ADV-000414,normal,False,0.020387,1.084064,0.225961,0.038941,0.224818,0.050664,False,allow
ADV-000415,normal,False,0.453628,0.698499,0.129888,0.014937,0.043749,0.059241,False,allow
ADV-000416,normal,False,0.315661,1.803621,0.367448,0.023275,0.143786,0.035071,False,allow
ADV-000417,front_running,True,0.123786,8.68139,0.231817,0.024965,0.816282,0.821008,True,block
ADV-000418,normal,False,0.148682,1.047575,0.376705,0.006719,0.104461,0.278033,False,allow
ADV-000419,layering,True,2.957531,3.072604,0.626927,0.028767,0.100897,0.684469,True,block
ADV-000420,normal,False,0.21434,1.680631,0.298499,0.011687,0.259879,0.173118,False,allow
ADV-000421,normal,False,0.112704,1.037705,0.161598,0.046763,0.194127,0.252573,False,allow
ADV-000422,normal,False,0.214484,1.148067,0.357275,0.029477,0.092792,0.114941,False,allow
ADV-000423,normal,False,0.478154,0.562115,0.281918,0.042835,0.084015,0.027075,False,allow
ADV-000424,pump_dump,True,1.343174,9.624304,0.147383,0.032606,0.009769,0.943338,True,block
ADV-000425,wash_trading,True,2.621164,0.051849,0.303581,0.409596,0.053891,0.787102,True,block
ADV-000426,normal,False,0.039847,1.64046,0.291099,0.024487,0.022266,0.271432,False,allow
ADV-000427,normal,False,0.020769,0.67967,0.242206,0.04887,0.193206,0.055857,False,allow
ADV-000428,normal,False,0.422433,0.071975,0.351147,0.039047,0.076954,0.057641,False,allow
ADV-000429,normal,False,0.01457,1.158328,0.242692,0.024563,0.044927,0.103883,False,allow
ADV-000430,layering,True,0.694886,3.322656,0.623013,0.022531,0.068709,0.795244,True,block
ADV-000431,normal,False,0.415254,0.310774,0.137262,0.029751,0.158778,0.269211,False,allow
ADV-000432,normal,False,0.001593,0.134255,0.168932,0.042162,0.282968,0.150179,False,allow
ADV-000433,pump_dump,True,2.485688,7.574839,0.389287,0.045162,0.200838,0.840238,True,block
ADV-000434,pump_dump,True,2.451118,2.41583,0.19113,0.042009,0.107313,0.606089,False,allow
ADV-000435,pump_dump,True,0.037073,0.921152,0.337426,0.017326,0.267183,0.847651,True,block
ADV-000436,normal,False,0.444339,1.316305,0.356772,0.049104,0.205538,0.155068,False,allow
ADV-000437,normal,False,0.436815,0.16285,0.241617,0.039857,0.009793,0.013535,False,allow
ADV-000438,front_running,True,2.617927,4.423719,0.359108,0.009858,0.748301,0.779543,True,block
ADV-000439,layering,True,0.029722,1.225002,0.989744,0.047528,0.02377,0.636536,True,block
ADV-000440,wash_trading,True,0.447488,0.903003,0.303315,0.721443,0.146645,0.637604,True,block
ADV-000441,normal,False,0.35496,1.383009,0.31773,0.020879,0.120861,0.209807,False,allow
ADV-000442,normal,False,0.136107,0.042046,0.142505,0.039459,0.120383,0.069926,False,allow
ADV-000443,normal,False,0.299921,1.733206,0.283656,0.008039,0.158545,0.064219,False,allow
ADV-000444,normal,False,0.067204,0.281619,0.390803,0.012142,0.111446,0.0562,False,allow
ADV-000445,normal,False,0.433617,0.327433,0.348848,0.044968,0.021575,0.06428,False,allow
ADV-000446,normal,False,0.112355,0.307323,0.14681,0.035282,0.279291,0.299851,False,allow
ADV-000447,layering,True,0.490945,9.963258,0.876343,0.029283,0.192642,0.60013,False,allow
ADV-000448,spoofing,True,0.761456,5.582462,0.888508,0.041434,0.227131,0.973222,True,block
ADV-000449,pump_dump,True,1.322299,1.601217,0.332325,0.04793,0.136054,0.733508,True,block
ADV-000450,normal,False,0.320955,1.685972,0.179716,0.004991,0.092091,0.044176,False,allow
ADV-000451,normal,False,0.456116,0.999035,0.192341,0.037612,0.123981,0.115446,False,allow
ADV-000452,wash_trading,True,2.636323,6.65226,0.312245,0.62251,0.147716,0.760364,True,block
ADV-000453,normal,False,0.474286,1.668761,0.38671,0.015345,0.066791,0.188767,False,allow
ADV-000454,normal,False,0.26826,1.163027,0.286457,0.001448,0.245384,0.196878,False,allow
ADV-000455,normal,False,0.124133,1.985116,0.290781,0.002706,0.191494,0.023286,False,allow
ADV-000456,normal,False,0.118398,1.489831,0.122372,0.030583,0.272045,0.238356,False,allow
ADV-000457,normal,False,0.457853,0.786054,0.111467,0.046623,0.15681,0.213365,False,allow
ADV-000458,normal,False,0.097674,1.143365,0.281408,0.000827,0.037107,0.256856,False,allow
ADV-000459,spoofing,True,0.654889,3.785862,0.764307,0.042711,0.23423,0.62429,True,block
ADV-000460,normal,False,0.233622,1.465214,0.248468,0.023657,0.246364,0.220863,False,allow
ADV-000461,normal,False,0.257414,0.249251,0.260539,0.027191,0.29439,0.11154,False,allow
ADV-000462,normal,False,0.242333,0.195428,0.118471,0.020297,0.135386,0.255102,False,allow
ADV-000463,spoofing,True,0.569292,6.75435,0.689032,0.017332,0.000135,0.602242,False,allow
ADV-000464,pump_dump,True,0.518749,8.642995,0.172279,0.046338,0.26333,0.613149,False,allow
ADV-000465,normal,False,0.112757,0.801541,0.372376,0.047846,0.106597,0.138805,False,allow
ADV-000466,wash_trading,True,1.421036,4.801527,0.123355,0.841475,0.121182,0.970949,True,block
ADV-000467,normal,False,0.366543,1.460634,0.221274,0.039223,0.14991,0.014292,False,allow
ADV-000468,normal,False,0.260739,0.593271,0.315015,0.034308,0.061003,0.023787,False,allow
ADV-000469,normal,False,0.011087,1.952516,0.105107,0.011151,0.136728,0.187199,False,allow
ADV-000470,normal,False,0.135031,1.873764,0.253494,0.043958,0.160557,0.054407,False,allow
ADV-000471,normal,False,0.425088,0.136875,0.151574,0.033546,0.075847,0.156125,False,allow
ADV-000472,spoofing,True,0.949171,5.505255,0.777365,0.006456,0.040443,0.627753,True,block
ADV-000473,normal,False,0.448899,1.139364,0.255529,0.035727,0.290065,0.200958,False,allow
ADV-000474,layering,True,0.540792,6.947373,0.58858,0.041779,0.216857,0.671974,True,block
ADV-000475,normal,False,0.079914,1.075567,0.328339,0.025477,0.194738,0.289612,False,allow
ADV-000476,normal,False,0.472423,1.351594,0.331358,0.007033,0.185656,0.292565,False,allow
ADV-000477,normal,False,0.217412,0.715993,0.394213,0.007513,0.223672,0.278079,False,allow
ADV-000478,normal,False,0.462459,1.01032,0.324731,0.037648,0.254493,0.156427,False,allow
ADV-000479,normal,False,0.093667,0.565413,0.203063,0.022419,0.2178,0.03619,False,allow
ADV-000480,normal,False,0.210602,0.438207,0.329823,0.01298,0.004701,0.147211,False,allow
ADV-000481,normal,False,0.337055,1.119041,0.303555,0.032865,0.282074,0.149752,False,allow
ADV-000482,pump_dump,True,0.752267,8.700962,0.155009,0.039653,0.000486,0.766276,True,block
ADV-000483,spoofing,True,2.552944,6.532582,0.933859,0.01061,0.20223,0.875819,True,block
ADV-000484,front_running,True,1.418446,6.055494,0.304771,0.047223,0.912878,0.724961,True,block
ADV-000485,layering,True,1.626224,3.30406,0.698508,0.045984,0.262233,0.691169,True,block
ADV-000486,normal,False,0.014735,0.251278,0.270504,0.009592,0.292933,0.243886,False,allow
ADV-000487,spoofing,True,0.15807,3.973443,0.981343,0.015774,0.123976,0.925212,True,block
ADV-000488,normal,False,0.264597,1.73612,0.35167,0.028434,0.219747,0.241417,False,allow
ADV-000489,wash_trading,True,2.497788,0.381628,0.285372,0.332688,0.257174,0.745902,True,block
ADV-000490,layering,True,0.477417,4.642483,0.979999,0.028434,0.113396,0.764962,True,block
ADV-000491,normal,False,0.136201,1.915074,0.230202,0.007076,0.21339,0.272551,False,allow
ADV-000492,normal,False,0.465703,1.979085,0.22388,0.03161,0.147345,0.254604,False,allow
ADV-000493,normal,False,0.05735,0.663353,0.263655,0.035612,0.296729,0.226676,False,allow
ADV-000494,wash_trading,True,1.843713,7.979381,0.249812,0.619642,0.139182,0.813274,True,block
ADV-000495,normal,False,0.09523,0.59453,0.354597,0.029011,0.251009,0.216792,False,allow
ADV-000496,normal,False,0.409405,1.930381,0.156403,0.009497,0.1718,0.061016,False,allow
ADV-000497,spoofing,True,2.581659,3.708666,0.626992,0.008019,0.220409,0.701384,True,block
ADV-000498,normal,False,0.480416,1.683974,0.238524,0.048542,0.19346,0.287793,False,allow
ADV-000499,front_running,True,0.444607,9.992255,0.130396,0.047337,0.900198,0.882317,True,block
