benchmark_id,algorithm,precision,problem_size_n,numerical_error_l2,runtime_ms,runtime_variance_ms,iterations_to_converge,converged,energy_drift,memory_mb,result_hash_sha256,phi_scaling_applied,reproducibility_score
BENCH-000000,euler_implicit,float32,2048,9.8886841384323e-05,876.7065,53.9639,89,False,0.3828991269331288,16.777,162fe3a1f0e2cf39d1e3ce79f9317edb,0.2360679775,0.938447
BENCH-000001,adaptive_quadrature,float64,64,1.0690172999e-08,35.6602,1.6181,67,True,7.560581405e-08,0.033,da24c60785a8978c18f613be72570c11,2.6180339887,0.954625
BENCH-000002,lanczos_eigensolver,float64,128,9.233311198e-09,91.8699,6.5091,70,True,6.96028001204e-07,0.131,da5e93a259862e08451374d388103ca4,1.0,0.929149
BENCH-000003,finite_element_p2,float64,128,1.0367162595e-08,134.2994,2.3039,60,True,8.57096728797e-07,0.131,8892b355cb72935c08bd780a4bb25607,0.6180339887,0.982845
BENCH-000004,adaptive_quadrature,float64,4096,1.1068084852e-08,2320.1727,43.475,128,True,8.615794786366e-06,134.218,cdebf54db228e117397b54230c79c2a3,0.6180339887,0.981262
BENCH-000005,adaptive_quadrature,float64,1024,1.013469209e-08,583.195,32.8271,108,True,2.9814316536074e-05,8.389,81a373533fd426bc47ff7826f7ff36b4,4.2360679775,0.943712
BENCH-000006,spectral_galerkin,float32,512,9.7515102068931e-05,437.7288,15.5561,81,False,0.024930234833001014,1.049,79813584e119b7c4c9a358a1ce48674e,0.6180339887,0.964462
BENCH-000007,euler_implicit,float128,2048,1.08e-16,935.678,20.0592,61,True,4.57505e-13,67.109,6ecc20435e1dbb6757d9b0ac5a18dbd4,2.6180339887,0.978562
BENCH-000008,lanczos_eigensolver,float32,2048,9.2304663100179e-05,1652.5497,22.9963,127,False,0.3076401600767033,16.777,16c135c3bad7a5d0a07eb0254e21c1cc,1.0,0.986084
BENCH-000009,monte_carlo_metropolis,float32,128,0.000111061522083836,119.4012,7.1944,73,False,0.016260495240677627,0.066,4e5b20e3c02f06bcfd413f5d430bb2b3,2.6180339887,0.939746
BENCH-000010,conjugate_gradient,float32,256,0.000110567117873562,173.1275,8.2631,79,False,0.029933399014284122,0.262,ff445588b8462a12fa2a78541c72966b,1.6180339887,0.952272
BENCH-000011,fast_fourier_transform,float64,128,1.0545605914e-08,38.3648,1.709,71,True,2.680314910424e-06,0.131,63a6b390898b05413a9f6d635d931bbc,0.3819660113,0.955454
BENCH-000012,leapfrog_symplectic,float128,512,9.2e-17,217.4696,11.2458,76,True,7.14e-15,4.194,791dd5dcac239581d9a860ac7cdae9e6,1.6180339887,0.948288
BENCH-000013,runge_kutta_4,float128,2048,1.16e-16,1164.3317,72.8423,112,True,2.1448e-13,67.109,4f7c75cd83e1fa80183beca7307f6f49,0.6180339887,0.937439
BENCH-000014,fast_fourier_transform,float32,512,0.000115999581528116,154.1012,9.3043,120,False,0.017681784823077557,1.049,ffe4d0e7446a69d280f0284a94ac3419,1.6180339887,0.939622
BENCH-000015,euler_implicit,float128,256,1.06e-16,92.1765,2.2052,73,True,1.152e-14,1.049,6abf2740cf09aec5dc28d96891020655,4.2360679775,0.976076
BENCH-000016,lanczos_eigensolver,float32,1024,9.9108949337808e-05,729.5013,54.7395,127,False,0.13226508589744754,4.194,3401d5ebc38e19d2f92a0a4ac7e9e240,0.6180339887,0.924963
BENCH-000017,spectral_galerkin,float32,128,0.00011745720918371,79.8632,1.2775,64,False,0.000500588016705686,0.066,b7805a7ea81899fa8a86d8085709eb74,4.2360679775,0.984004
BENCH-000018,lanczos_eigensolver,float32,128,8.6986792266655e-05,71.2905,1.5369,51,False,0.002631217070140299,0.066,93da26f3749f9e4da08ca3ea726793ed,0.3819660113,0.978441
BENCH-000019,lanczos_eigensolver,float128,2048,1.03e-16,1551.7229,123.611,96,True,1.82444e-13,67.109,e1267d595772e1e936eae1b50f0308b2,1.6180339887,0.92034
BENCH-000020,conjugate_gradient,float32,128,0.00010143815164867,83.6887,4.2833,71,False,0.009086581261452705,0.066,8f440ba5f62d9f18d93ac5e1b7f8c5c1,0.2360679775,0.948818
BENCH-000021,runge_kutta_4,float32,64,0.000116419362162239,28.4495,0.4256,61,False,0.011047870887270675,0.016,6540412e11f807f61513fc23a15a4069,0.3819660113,0.98504
BENCH-000022,lanczos_eigensolver,float32,2048,0.000111957314403322,1360.0766,58.6016,118,False,0.40641774008736387,16.777,5fd58b1b046cc2df5fb84788dfec818b,0.3819660113,0.956913
BENCH-000023,euler_implicit,float32,2048,9.0472880231583e-05,855.2981,36.5142,105,False,0.27478746655103736,16.777,b95b9c627a2379347965c585cd975416,2.6180339887,0.957308
BENCH-000024,euler_implicit,float32,512,9.7549467623114e-05,168.3666,2.9715,98,False,0.05779622967191091,1.049,a9ad20e2354220f0850a587295c67822,0.3819660113,0.982351
BENCH-000025,fast_fourier_transform,float32,256,8.0185886678755e-05,80.4404,1.2289,91,False,0.037754973178884293,0.262,92be8a521d71848c4a77b58f8ff482a4,0.2360679775,0.984723
BENCH-000026,runge_kutta_4,float128,1024,1.14e-16,396.2875,29.6604,107,True,5.708e-14,16.777,eb064f764ab28b053a31a74cace3c90f,1.0,0.925154
BENCH-000027,conjugate_gradient,float32,4096,9.7174284746509e-05,2507.3643,91.5893,138,False,0.02880276120355543,67.109,562a58b5c387782f3d543f0a25734d7a,4.2360679775,0.963472
BENCH-000028,conjugate_gradient,float64,512,9.466715553e-09,260.2273,16.8719,79,True,4.761070999446e-06,2.097,13d212f8243f0c04938aef611c3acd87,0.3819660113,0.935165
BENCH-000029,monte_carlo_metropolis,float32,64,8.901485810689e-05,60.182,3.7528,74,False,0.00265285727985411,0.016,26e41ac7e9f53a1f3d9aefab834e8729,1.6180339887,0.937642
BENCH-000030,lanczos_eigensolver,float32,64,0.00010396316856004,44.3534,1.0205,45,False,0.005610636866773549,0.016,2ddd5870f5e0b388b2f60af993466e4f,0.3819660113,0.976992
BENCH-000031,fast_fourier_transform,float32,1024,0.000100319482604604,348.4649,18.5929,76,False,0.06609559174956511,4.194,2097ac45e41dff3cf2114d5255f56ea7,1.6180339887,0.946643
BENCH-000032,finite_element_p2,float64,128,9.580287409e-09,106.4408,3.0435,83,True,1.294047401327e-06,0.131,239d116435896565ef8890bbc02dd29f,1.0,0.971407
BENCH-000033,finite_element_p2,float32,64,6.524994873867e-05,62.9697,5.0204,67,False,0.00128450131436101,0.016,432aedff44191c57f863e49f5bab93f5,0.6180339887,0.920273
BENCH-000034,leapfrog_symplectic,float64,64,1.0697155963e-08,26.8971,0.566,69,True,9.23171111287e-07,0.033,7b2a26ac19ea8e44d3f8a6c31caa199f,1.6180339887,0.978958
BENCH-000035,lanczos_eigensolver,float32,2048,0.000103452193761145,1323.2594,74.6811,120,False,0.04259658966867578,16.777,357344f0329def1e84a1b4fd66e89f38,0.2360679775,0.943563
BENCH-000036,euler_implicit,float128,1024,1.05e-16,437.214,10.8185,83,True,1.36268e-13,16.777,43562be44e0a04716311fcb04f6457d5,4.2360679775,0.975256
BENCH-000037,monte_carlo_metropolis,float128,512,1e-16,623.8829,8.4573,67,True,7.1824e-14,4.194,cef651ccfe3c2449067526d49d987109,0.2360679775,0.986444
BENCH-000038,runge_kutta_4,float64,4096,1.1901806157e-08,2467.0688,52.5751,84,True,2.7248088100158e-05,134.218,d02ef081af3a4310226b936f6c1a5ea4,1.6180339887,0.978689
BENCH-000039,runge_kutta_4,float32,64,0.0001144218827501,30.3402,0.62,71,False,0.001577838607268185,0.016,ec48cd071741476fb24d0c048cd4e124,1.6180339887,0.979566
BENCH-000040,leapfrog_symplectic,float64,128,1.091974551e-08,59.0253,4.4456,73,True,6.9322322201e-08,0.131,580fa96f31d14bc0f9f2eac95b8d4f51,0.6180339887,0.924684
BENCH-000041,spectral_galerkin,float128,128,9.5e-17,88.2249,4.3399,96,True,2.3336e-14,0.262,beec9286ee38c6adddf0bc9b16e6ea11,2.6180339887,0.950808
BENCH-000042,leapfrog_symplectic,float32,4096,0.000109372450218993,2125.1143,47.5891,107,False,0.14748716812690266,67.109,1a786e99f462ec6a1c5a03c8769bc62f,0.6180339887,0.977606
BENCH-000043,fast_fourier_transform,float128,4096,9.9e-17,1136.3971,24.0278,112,True,3.80804e-13,268.435,c9af41690ffac0569be9461c5f32d422,0.2360679775,0.978856
BENCH-000044,conjugate_gradient,float32,128,0.000104512228667056,69.0061,2.1643,72,False,0.00922653604815974,0.066,de1c16b870966586e4bce7e8c4cb874f,0.2360679775,0.968637
BENCH-000045,spectral_galerkin,float64,256,9.932192694e-09,199.166,12.7731,68,True,2.442025577332e-06,0.524,3c13baa3b970a13fba33eadfab88fde1,2.6180339887,0.935867
BENCH-000046,lanczos_eigensolver,float64,64,1.1986497669e-08,52.68,1.1853,69,True,1.40547657181e-07,0.033,bcd9ad83c685c2ebfef70630d5cd40bd,0.2360679775,0.9775
BENCH-000047,adaptive_quadrature,float64,256,9.883390199e-09,128.6943,6.748,64,True,1.78965683335e-07,0.524,47758ad896a14b12b943101b7304f2d4,1.6180339887,0.947565
BENCH-000048,spectral_galerkin,float64,64,9.985100435e-09,47.73,3.5697,41,True,2.43766516713e-07,0.033,412f40cd5d4904e092e3bd7923c41966,2.6180339887,0.92521
BENCH-000049,spectral_galerkin,float64,512,1.1336892764e-08,408.1469,13.5154,76,True,1.0370786229645e-05,2.097,43972ebc6ec3c5dde460c7a335b2040e,2.6180339887,0.966886
BENCH-000050,monte_carlo_metropolis,float128,256,9.6e-17,236.2836,13.8946,70,True,5.353e-15,1.049,a4d2dc2bc1598f8baa037fcc444428ba,2.6180339887,0.941195
BENCH-000051,fast_fourier_transform,float128,2048,1.11e-16,565.6871,17.5739,109,True,1.927e-15,67.109,07e58a718647c76d80b4522bb0d0a31e,0.6180339887,0.968934
BENCH-000052,spectral_galerkin,float64,4096,8.72199165e-09,2856.2129,121.5295,104,True,8.806068050881e-06,134.218,df6c6bd98fce114b6eb923856ad06ab5,1.0,0.957451
BENCH-000053,leapfrog_symplectic,float128,64,9.7e-17,32.9572,1.7582,84,True,8.461e-15,0.066,c1c48e0417f25b95d258ea97991d28d7,0.3819660113,0.946652
BENCH-000054,monte_carlo_metropolis,float32,4096,0.00010069877484654,4182.4774,113.5082,73,False,0.1249462804762661,67.109,22bf1cfcd5ae0040d147faa8fb706fe1,0.2360679775,0.972861
BENCH-000055,conjugate_gradient,float64,2048,8.58466423e-09,1139.2597,42.0142,99,True,5.857248423614e-06,33.554,3ab0fb505c0e774f8bed0c06759cb943,2.6180339887,0.963122
BENCH-000056,runge_kutta_4,float32,4096,9.4455272854562e-05,2105.7284,162.2624,112,False,0.013983390071398835,67.109,2cd8d152975f3b62817768251b08bb58,0.3819660113,0.922942
BENCH-000057,euler_implicit,float64,128,1.0471172476e-08,43.9943,3.4823,41,True,1.851998319146e-06,0.131,24b2a0e449826f1a2a62ca0a59853025,1.0,0.920848
BENCH-000058,adaptive_quadrature,float128,1024,8e-17,617.7101,25.4583,121,True,1.3789e-13,16.777,ebd5fe6bf58da311f52d9d7306316e67,1.0,0.958786
BENCH-000059,monte_carlo_metropolis,float32,4096,8.8947200221112e-05,3564.8398,165.7329,106,False,0.2086810750737477,67.109,20e3145e477824e028c22e7de5425039,0.2360679775,0.953509
BENCH-000060,monte_carlo_metropolis,float32,256,8.9140468991219e-05,302.4417,4.7303,89,False,0.018212664022823746,0.262,2cf55b87092830806bdab5d1d5e35eca,0.3819660113,0.98436
BENCH-000061,spectral_galerkin,float32,512,8.9541629622877e-05,410.3444,16.0462,95,False,0.046113196098124386,1.049,b383bfaa682bb5c868841aa318e8a302,4.2360679775,0.960896
BENCH-000062,adaptive_quadrature,float128,64,1.11e-16,30.5027,1.1172,71,True,2.44e-16,0.066,31671528f83824f45f61cccd979b1c25,4.2360679775,0.963373
BENCH-000063,fast_fourier_transform,float64,1024,9.980380571e-09,268.5915,14.0279,102,True,7.070645370189e-06,8.389,a7ac9a724fab7e4678bf8db0d90b3a06,1.0,0.947772
BENCH-000064,conjugate_gradient,float32,512,9.2232670826495e-05,346.9013,13.2871,100,False,0.0456324208042691,1.049,a1bd7b39b2607f51ee81ffa6052e137a,0.3819660113,0.961698
BENCH-000065,adaptive_quadrature,float128,64,1.11e-16,32.5985,1.8389,70,True,3.789e-15,0.066,763662b46c09ca0a0539c43106380987,4.2360679775,0.94359
BENCH-000066,conjugate_gradient,float32,64,9.9432093996736e-05,41.8127,1.749,47,False,0.011165401258807743,0.016,9d914d476864c1bf190ce7eb056469a3,0.6180339887,0.958171
BENCH-000067,fast_fourier_transform,float64,4096,1.0172228958e-08,1240.767,59.2582,142,True,2.2395770566e-08,134.218,9bd36cacf9eb94f108aa8799617c2d31,2.6180339887,0.952241
BENCH-000068,euler_implicit,float128,64,1.01e-16,19.3441,0.4634,66,True,4.73e-16,0.066,b28f99d0d50f666f025733a65421b1af,0.3819660113,0.976045
BENCH-000069,conjugate_gradient,float128,64,9.4e-17,37.3466,2.2021,60,True,3.608e-15,0.066,3312233b7ae6d041c33fe9fdd582d5a4,1.6180339887,0.941037
BENCH-000070,euler_implicit,float32,256,0.000101774751959354,103.8672,3.3068,62,False,0.05892479446449685,0.262,db2a651ac025a248d32e29e6699627b2,1.0,0.968163
BENCH-000071,spectral_galerkin,float32,1024,9.4878800913457e-05,667.5302,11.4369,105,False,0.18745990901493798,4.194,4b77019a77f8c13e4eea3e5f63d02cba,1.6180339887,0.982867
BENCH-000072,euler_implicit,float128,4096,1.12e-16,1689.9772,95.1567,151,True,2.77972e-13,268.435,4f2d0acf6a1e8bddd64d948ee14e50fb,0.2360679775,0.943694
BENCH-000073,fast_fourier_transform,float64,64,9.133152235e-09,19.9386,1.4438,53,True,8.4303643567e-08,0.033,13a47471cff236cfd152405399d3c57b,0.3819660113,0.92759
BENCH-000074,lanczos_eigensolver,float128,256,8.3e-17,152.4176,9.789,50,True,8.721e-15,1.049,dc6b3a1728c61b839af65657d09862e2,1.6180339887,0.935775
BENCH-000075,monte_carlo_metropolis,float64,4096,1.0066100254e-08,5052.288,149.1687,81,True,2.0900229284367e-05,134.218,834485528d1f08b0fa4480e3d46d97e8,1.6180339887,0.970475
BENCH-000076,adaptive_quadrature,float128,512,9.4e-17,309.7566,10.1448,73,True,3.52e-15,4.194,dd8bb31dd5e2ae563bfda5a31ac066f8,0.6180339887,0.967249
BENCH-000077,finite_element_p2,float64,1024,9.757196749e-09,850.9477,9.1141,108,True,1.355124789664e-06,8.389,0fa9dabe7471fe2bbb166b796b286693,2.6180339887,0.989289
BENCH-000078,fast_fourier_transform,float64,1024,1.007854508e-08,260.2061,14.3668,64,True,1.055679316642e-06,8.389,3222ab0f3a9d10ca483e0b739fdd273f,0.2360679775,0.944787
BENCH-000079,monte_carlo_metropolis,float32,512,9.6941714448388e-05,471.1159,23.8898,68,False,0.010212400951334312,1.049,d5ee3c1d34e09a7f24b904993f6f7f3d,1.0,0.949291
BENCH-000080,lanczos_eigensolver,float64,256,9.767949866e-09,165.5751,4.5696,87,True,1.124558430313e-06,0.524,35bee7852a3a8cfe86d71fae067f273a,0.2360679775,0.972402
BENCH-000081,lanczos_eigensolver,float128,128,1.06e-16,103.2985,3.0323,49,True,1.2222e-14,0.262,c262081c17e6eca42d9c1e00fd9db933,1.6180339887,0.970645
BENCH-000082,monte_carlo_metropolis,float32,4096,0.000102471181839575,4372.3315,98.6438,149,False,0.04605719501115404,67.109,051306dff9fa9f8aa96501d5afe4c0b4,0.6180339887,0.977439
BENCH-000083,runge_kutta_4,float32,1024,9.3715548723208e-05,630.681,34.4673,100,False,0.044642992635606824,4.194,4873690eaa33f2c1bfb1fa56c87ed86f,0.2360679775,0.945349
BENCH-000084,adaptive_quadrature,float64,512,9.095369207e-09,285.0275,22.1138,89,True,9.262329628946e-06,2.097,5ef10f4a507cf598c6e1986d54d9cbd3,0.2360679775,0.922415
BENCH-000085,euler_implicit,float64,512,1.125916903e-08,217.7528,2.9947,103,True,5.977531498264e-06,2.097,bcdd2a8a385d63cc42e86fc93330e362,0.6180339887,0.986247
BENCH-000086,euler_implicit,float32,64,9.0308492551207e-05,24.6523,1.2752,44,False,0.006768118342589977,0.016,ca653769cef77dc1e688f9349dd25246,1.0,0.948271
BENCH-000087,conjugate_gradient,float64,256,1.1937594924e-08,117.7012,3.6931,64,True,2.889070088281e-06,0.524,f95d4a7e774df7928fa89deabb6a01cb,2.6180339887,0.968623
BENCH-000088,euler_implicit,float32,2048,0.000103563323747041,936.009,19.6506,114,False,0.07437079559133532,16.777,c59bc8d4c62cd0d6385db113cd5cfc22,0.2360679775,0.979006
BENCH-000089,fast_fourier_transform,float64,2048,9.310242348e-09,586.0599,15.3567,100,True,2.8630640024034e-05,33.554,2f5059c5ffbf854575964407e31b24ab,1.0,0.973797
BENCH-000090,euler_implicit,float128,128,1.16e-16,47.0521,2.5292,52,True,2.9247e-14,0.262,148e8b3a2c4b578513ff1ed6a8b838ae,1.0,0.946246
BENCH-000091,euler_implicit,float128,128,8.7e-17,42.2418,2.8667,77,True,2.906e-15,0.262,59a4d2556fb8232b631965af079c1491,0.6180339887,0.932136
BENCH-000092,adaptive_quadrature,float128,4096,9.3e-17,2174.4796,40.6731,106,True,5.44716e-13,268.435,57f0d1c3604f5d619f2bba22e689ad8d,0.6180339887,0.981295
BENCH-000093,lanczos_eigensolver,float128,512,8.8e-17,376.8445,27.2306,87,True,6.068e-14,4.194,67416348a4efb1055c15983888027500,0.2360679775,0.92774
BENCH-000094,euler_implicit,float32,2048,0.00010672871420678,727.2628,55.6756,142,False,0.000877163362150593,16.777,723c1bcace96594c2aa3cba36bf9928a,0.6180339887,0.923445
BENCH-000095,adaptive_quadrature,float32,4096,0.000100444055680986,1998.9548,111.1532,133,False,0.13102991995609167,67.109,8d0b810a52126ba40d5b264105acd553,1.6180339887,0.944394
BENCH-000096,fast_fourier_transform,float128,4096,9.6e-17,1231.5933,42.3142,102,True,5.05272e-13,268.435,eeb57ca8d854d5243111195c54733a4d,4.2360679775,0.965643
BENCH-000097,leapfrog_symplectic,float64,512,9.714220591e-09,212.5786,16.1907,98,True,5.791483724653e-06,2.097,8d9f034f500fee1feca407b4230ee5e4,1.0,0.923836
BENCH-000098,euler_implicit,float64,256,8.822356078e-09,126.7157,4.8522,32,True,6.15874869305e-07,0.524,c083a21076d4138b5cb49d12b1ff61d8,2.6180339887,0.961708
BENCH-000099,lanczos_eigensolver,float64,512,1.1139467181e-08,372.8725,19.9801,70,True,5.8333181443e-08,2.097,ced3c6e1dd8b00674aa8e19c22c70fd8,0.2360679775,0.946416
BENCH-000100,spectral_galerkin,float64,1024,1.0560421354e-08,814.4221,58.3609,95,True,2.51047813793e-07,8.389,80aa923fe4025a291e52beeee8caa19b,2.6180339887,0.928341
BENCH-000101,adaptive_quadrature,float32,2048,0.000106887819993238,1245.9432,60.6246,167,False,0.3772745734733806,16.777,576221ca441e4df1a9f93dccd4adf916,0.2360679775,0.951342
BENCH-000102,conjugate_gradient,float32,2048,0.000105797023621299,1103.2606,66.3746,92,False,0.009648774874835665,16.777,e2ba294a3c0dbd151d28faca4f841d5f,4.2360679775,0.939838
BENCH-000103,conjugate_gradient,float64,128,9.461488342e-09,77.9514,1.8196,51,True,1.172641818159e-06,0.131,8938d5e5628b3a32511b03dea8ad5276,0.3819660113,0.976657
BENCH-000104,euler_implicit,float64,4096,1.0257536892e-08,1474.0884,111.1424,75,True,3.784693163951e-06,134.218,949b309e89913c716040512f85798e0c,0.6180339887,0.924603
BENCH-000105,monte_carlo_metropolis,float128,1024,1.12e-16,1023.1809,20.8746,82,True,2.524e-14,16.777,f41be0467eeb65c330a10bd631d1674f,1.6180339887,0.979598
BENCH-000106,lanczos_eigensolver,float64,512,1.1841497123e-08,328.7759,25.8596,91,True,5.943162083612e-06,2.097,4c226ad23c12d53036ac368753c715c6,4.2360679775,0.921346
BENCH-000107,fast_fourier_transform,float32,256,9.9480094528982e-05,64.8025,4.3287,62,False,0.024671342099672543,0.262,97ee2b0320ffe3fad761aa31f41bb9c9,4.2360679775,0.933201
BENCH-000108,leapfrog_symplectic,float64,64,1.1819313595e-08,34.1223,1.1342,78,True,8.6131703226e-07,0.033,f9859b40eb6fd4515e84147837d60ce4,0.2360679775,0.96676
BENCH-000109,lanczos_eigensolver,float64,64,9.823032837e-09,40.2668,2.2483,67,True,5.83868544117e-07,0.033,ff00cbcea0d6fe801d5d2e3320e00de5,0.6180339887,0.944165
BENCH-000110,finite_element_p2,float128,2048,9.7e-17,1888.4928,62.3195,97,True,2.17557e-13,67.109,aacfcc107d2782ab9a57e53fec83f470,0.6180339887,0.967
BENCH-000111,conjugate_gradient,float128,64,9.5e-17,36.5099,2.1142,57,True,4.23e-15,0.066,656e75421d368323302d5a799ce06979,0.2360679775,0.942092
BENCH-000112,fast_fourier_transform,float32,4096,8.6456606251615e-05,1042.9997,42.823,102,False,0.7187629460051752,67.109,6248516159d0b7ff7e2583ed4c3d1d16,0.2360679775,0.958943
BENCH-000113,finite_element_p2,float32,256,9.3313422775454e-05,249.3929,6.757,59,False,0.018975408722523946,0.262,e2ab7825a4a1b010075c0885bbc6a54a,0.3819660113,0.972906
BENCH-000114,leapfrog_symplectic,float32,64,9.2413721256001e-05,27.0043,1.5614,44,False,0.000114677689161534,0.016,037ffc69ce1f3a295b91f17a65aa1e39,0.3819660113,0.942181
BENCH-000115,conjugate_gradient,float128,256,8.6e-17,159.3231,11.6184,67,True,3.911e-15,1.049,3981ca1e38438da0866f35d76dede670,1.6180339887,0.927076
BENCH-000116,leapfrog_symplectic,float32,512,0.000127907584974619,207.3584,6.4158,116,False,0.02369651072968622,1.049,e589212cd6cd830a89914a69ca09d435,1.0,0.969059
BENCH-000117,monte_carlo_metropolis,float32,512,0.000102871488912493,492.6313,18.0774,80,False,0.03417600064108375,1.049,003624eaa7dcbe0c918d201cc5c19dca,2.6180339887,0.963304
BENCH-000118,monte_carlo_metropolis,float32,4096,9.5632619188912e-05,3820.9286,189.5755,104,False,0.5953088299298871,67.109,8f72d4de4a42517cecc94411d80aca1b,0.2360679775,0.950385
BENCH-000119,adaptive_quadrature,float128,512,1.11e-16,228.8341,14.7145,94,True,1.01237e-13,4.194,816b38003a1b97e354ec9e3c5d624257,0.3819660113,0.935698
BENCH-000120,spectral_galerkin,float128,256,9.3e-17,164.4303,9.2316,91,True,2.8463e-14,1.049,18b4d33f52bfa410828dd5d3fc40bcc6,2.6180339887,0.943857
BENCH-000121,runge_kutta_4,float64,4096,8.773529602e-09,2145.9499,131.472,136,True,1.61251323532e-05,134.218,4a97b88e1720f8f0aee2b1cdbf380073,2.6180339887,0.938735
BENCH-000122,fast_fourier_transform,float32,128,0.000108399914277251,41.9297,3.2707,39,False,0.005913665603990765,0.066,e4d82f8202ba6fb6afc57c715405cb51,4.2360679775,0.921996
BENCH-000123,leapfrog_symplectic,float64,4096,1.2457230333e-08,1677.5243,51.4327,149,True,6.7017709716621e-05,134.218,05dc6df4bbfe16f5995220184a8ec1c6,1.0,0.96934
BENCH-000124,euler_implicit,float32,4096,0.000119397142696306,1570.5015,95.3219,182,False,0.16075309996297568,67.109,6901306de11a12d92d1bbb2e1467907d,4.2360679775,0.939305
BENCH-000125,lanczos_eigensolver,float64,64,1.0042332689e-08,44.0743,2.0962,42,True,2.69279801104e-07,0.033,0ec5e1ff5af5168de56eda7f37fce1b5,2.6180339887,0.95244
BENCH-000126,monte_carlo_metropolis,float128,512,1.1e-16,402.8113,7.0831,90,True,1.2664e-14,4.194,afe94fa0ef4320ae76c5a62ff35364d3,1.6180339887,0.982416
BENCH-000127,finite_element_p2,float128,128,9.1e-17,102.1041,4.3393,63,True,1.6155e-14,0.262,7992ae2370284e05752a8503528447c3,0.2360679775,0.957501
BENCH-000128,leapfrog_symplectic,float32,64,9.6097808226355e-05,31.9611,0.5371,64,False,0.002160678506709052,0.016,c13b78fdc44f2ad6133a35ce8082cca1,1.0,0.983197
BENCH-000129,finite_element_p2,float128,2048,9.6e-17,1626.3025,83.1265,103,True,4.04357e-13,67.109,e894048a3424d92ac5c68a7e3503973b,2.6180339887,0.948886
BENCH-000130,euler_implicit,float64,1024,7.938418329e-09,464.6017,5.71,85,True,6.394385882596e-06,8.389,03d01d96ad4966980037fcdb3c7a6e25,0.3819660113,0.98771
BENCH-000131,finite_element_p2,float32,2048,8.5520354986391e-05,2137.1187,117.8362,126,False,0.05225745990579579,16.777,99768f575ca4a94f29129a1e83863c5d,0.2360679775,0.944862
BENCH-000132,conjugate_gradient,float32,2048,0.0001033690562554,1399.3768,109.1186,128,False,0.05958877701804333,16.777,cb0f1442796db3cf2b09a7171446d27a,0.3819660113,0.922023
BENCH-000133,adaptive_quadrature,float32,64,0.000106111024936752,31.2766,1.5966,63,False,0.004563353773349593,0.016,a4d468d1de081fedea8d0447ddb685ed,4.2360679775,0.948953
BENCH-000134,leapfrog_symplectic,float128,64,9.5e-17,36.9628,2.9247,39,True,2.724e-15,0.066,211274dd3eb7d5637a0798e79ccb0fd1,0.2360679775,0.920873
BENCH-000135,runge_kutta_4,float32,64,8.8916053758849e-05,36.3851,1.8636,69,False,0.000442411613015374,0.016,9695a944767a115e2b112d92d8302fb2,0.3819660113,0.94878
BENCH-000136,fast_fourier_transform,float128,64,1e-16,17.0172,1.0969,54,True,2.55e-16,0.066,8c8371caebd11e509a52bd800afb1334,1.6180339887,0.935539
BENCH-000137,spectral_galerkin,float128,64,9.7e-17,37.6037,2.1104,54,True,8.439e-15,0.066,23e05c85e03fef4da105ac0c69e25815,0.2360679775,0.943877
BENCH-000138,runge_kutta_4,float64,4096,8.759418613e-09,2228.6777,98.7724,127,True,7.533719589555e-06,134.218,ce5878acd8a221e6a89dbddbc3a6f035,0.2360679775,0.955681
BENCH-000139,finite_element_p2,float128,128,1.07e-16,118.9056,6.4584,58,True,3.646e-15,0.262,c6c25d2ea1e0244034a18950a724f77c,1.6180339887,0.945685
BENCH-000140,lanczos_eigensolver,float64,512,8.940014429e-09,357.0744,23.3943,109,True,4.395955473365e-06,2.097,7363672f8227c296c01f88d0fea46170,4.2360679775,0.934483
BENCH-000141,lanczos_eigensolver,float128,4096,1.02e-16,3173.9024,82.5042,106,True,3.90908e-13,268.435,77b37a59794dab24cdd5feb187dacec3,1.0,0.974005
BENCH-000142,euler_implicit,float64,512,9.706337612e-09,219.3135,16.8326,82,True,5.197288109684e-06,2.097,bc9bf8fe98a508374b845b24cd34cab7,0.2360679775,0.923249
BENCH-000143,euler_implicit,float32,512,0.000113461097503413,223.9342,14.9641,67,False,0.02677506675481341,1.049,374d811572b8cc5fef2f462674ce2171,1.6180339887,0.933176
BENCH-000144,lanczos_eigensolver,float64,2048,1.0671946402e-08,1526.6356,86.3676,110,True,4.3991652798402e-05,33.554,bcdcbf77faf77388104e0311e36a512d,2.6180339887,0.943426
BENCH-000145,runge_kutta_4,float64,1024,9.821159729e-09,534.1261,24.3128,112,True,9.532027657951e-06,8.389,007aca35c3aecd3bb38139adfd1e38b5,4.2360679775,0.954481
BENCH-000146,euler_implicit,float64,4096,9.536512027e-09,1610.3767,47.5057,123,True,4.089646637345e-05,134.218,8dc335e269cf2551f86c1f259111d889,1.6180339887,0.9705
BENCH-000147,adaptive_quadrature,float128,2048,9.9e-17,1106.1019,82.9974,118,True,1.39811e-13,67.109,90ed9ecfbba16cf61febb666292c9909,0.3819660113,0.924964
BENCH-000148,monte_carlo_metropolis,float128,4096,9.7e-17,4443.9325,46.3387,141,True,3.73525e-13,268.435,55d717d840048f89ec8594e9d61bcca7,1.0,0.989573
BENCH-000149,euler_implicit,float32,2048,9.8328325626626e-05,804.0218,50.0325,114,False,0.205112270560195,16.777,3f81205719300d68481490675c31e2f4,0.6180339887,0.937772
BENCH-000150,leapfrog_symplectic,float64,256,9.692538738e-09,95.5647,4.7526,84,True,4.15066701249e-07,0.524,f978260931c8ad827caa7ff8f6d493c6,0.3819660113,0.950268
BENCH-000151,adaptive_quadrature,float32,2048,0.000109429622252329,1186.1744,47.0686,92,False,0.14442932712821915,16.777,dbb27b529465790c523068362b05c67d,0.3819660113,0.960319
BENCH-000152,lanczos_eigensolver,float32,256,9.2617441892176e-05,185.4341,10.6614,56,False,0.002950240099522177,0.262,77d0e487947919a7628472f766106d71,0.2360679775,0.942506
BENCH-000153,spectral_galerkin,float64,1024,1.0636626675e-08,785.5269,59.8357,103,True,1.8403819183897e-05,8.389,8a5b1c8890139371c33df5a5a6241c08,0.6180339887,0.923827
BENCH-000154,finite_element_p2,float32,64,8.9387585456453e-05,57.7004,1.0988,51,False,0.000841084315878374,0.016,fc233e8120fe46fac9edc514152c027a,1.6180339887,0.980957
BENCH-000155,finite_element_p2,float32,512,0.000101899134906906,450.4572,5.0955,121,False,0.049366838487910486,1.049,a7baa0d5995707b983404fa43d2abce4,1.6180339887,0.988688
BENCH-000156,fast_fourier_transform,float128,512,9.7e-17,138.1406,2.4951,105,True,5.774e-15,4.194,37ff3cc9c99fc42b4c5885465fa9aade,4.2360679775,0.981938
BENCH-000157,adaptive_quadrature,float64,4096,9.648924127e-09,2054.4617,83.3492,140,True,2.6092423048261e-05,134.218,b59616c2ac3757e22640fc4f40e91f16,1.0,0.95943
BENCH-000158,lanczos_eigensolver,float32,512,0.000111369528156788,315.2929,8.0431,91,False,0.022351138838486186,1.049,e293284637f205b03e6f0a3175847c0f,2.6180339887,0.97449
BENCH-000159,euler_implicit,float128,1024,1.06e-16,476.1197,16.4628,127,True,4.055e-14,16.777,fd0b4bfd0a56b63ded01a6e0bd943083,0.3819660113,0.965423
BENCH-000160,spectral_galerkin,float32,128,9.9768555276166e-05,101.9223,2.1099,70,False,0.005046633105828583,0.066,090c9cda8d934d4c93568deece5957fe,4.2360679775,0.979299
BENCH-000161,conjugate_gradient,float64,4096,8.787905801e-09,2331.4943,134.4791,145,True,3.4878077287237e-05,134.218,5b7b578a753a78cb0eeb96fb56c36790,1.6180339887,0.942321
BENCH-000162,finite_element_p2,float128,256,1.02e-16,237.4411,9.7243,75,True,1.9822e-14,1.049,c0d8d4efe315c313b3c3acd6cdea4c60,0.2360679775,0.959045
BENCH-000163,finite_element_p2,float128,64,9.6e-17,63.4672,0.8874,62,True,2.137e-15,0.066,71321d15a97222372a987ff41daae2a3,4.2360679775,0.986018
BENCH-000164,euler_implicit,float128,1024,8.9e-17,407.5732,19.8904,111,True,1.86913e-13,16.777,a592d1bb3947cc0c1ecd22cb0c092640,1.0,0.951198
BENCH-000165,adaptive_quadrature,float128,128,9.5e-17,77.605,1.5956,76,True,2.156e-15,0.262,551ad475bb27fcc4cc5a2d310a0359ab,4.2360679775,0.97944
BENCH-000166,finite_element_p2,float128,64,9.4e-17,57.4987,1.5721,48,True,2.463e-15,0.066,50dc7188371fb405ecec1c86347c7e11,1.6180339887,0.972658
BENCH-000167,adaptive_quadrature,float32,256,9.4311800164579e-05,149.0281,5.7546,68,False,0.027694380877374792,0.262,702d21250b6e317d754b6d0050732a48,4.2360679775,0.961386
BENCH-000168,finite_element_p2,float32,256,0.00011248405651489,249.8172,7.4671,76,False,0.04152823576972609,0.262,ff4992f10335b97ae745ee87480e6548,1.6180339887,0.97011
BENCH-000169,leapfrog_symplectic,float64,64,9.520718186e-09,28.0099,0.966,78,True,1.90196673295e-07,0.033,9b2137d4ff48cd7e501c164d3fb2a56f,1.0,0.965513
BENCH-000170,leapfrog_symplectic,float128,2048,1.08e-16,891.4739,32.4207,120,True,3.91215e-13,67.109,a43f221157ce072ab411f5677447d8ff,2.6180339887,0.963632
BENCH-000171,lanczos_eigensolver,float32,2048,9.4288102025568e-05,1283.6341,14.4744,90,False,0.442438411393952,16.777,8cddca2931a2cdb22fb0c24e6873507f,0.6180339887,0.988724
BENCH-000172,conjugate_gradient,float32,128,0.000105802650532432,76.7993,2.3582,73,False,0.015662387175026743,0.066,d04bc4a7591240f395ae7864ed3c83ad,1.6180339887,0.969295
BENCH-000173,lanczos_eigensolver,float32,2048,9.1157967046228e-05,1642.6149,31.4946,100,False,0.07769741327415161,16.777,effc9c29f245d4f7c58370549cb4d44e,4.2360679775,0.980827
BENCH-000174,adaptive_quadrature,float32,2048,9.0491972336786e-05,1170.625,67.13,111,False,0.2002474805833855,16.777,13df8080712ff1df3999c9813dfbbfeb,0.6180339887,0.942655
BENCH-000175,conjugate_gradient,float32,1024,0.000101765377205272,773.5288,50.2066,110,False,0.038834907653032935,4.194,892d70b5248eb0ce220447e2b88aa8e4,2.6180339887,0.935094
BENCH-000176,adaptive_quadrature,float64,512,1.0211416366e-08,233.0979,10.5368,80,True,1.520641146208e-06,2.097,828c3640348c2fe7e505c808ad5ed230,0.3819660113,0.954797
BENCH-000177,adaptive_quadrature,float32,4096,9.9999711090185e-05,2575.3411,183.3339,109,False,0.06403818018033235,67.109,135204af8f92fe5c9f005f2fbad001f5,4.2360679775,0.928812
BENCH-000178,lanczos_eigensolver,float32,256,0.000105109360918597,184.5278,7.6491,49,False,0.004252252759688036,0.262,54f7ee30cabf8c8d986d82ac47d52a72,0.2360679775,0.958548
BENCH-000179,spectral_galerkin,float64,256,1.0938109076e-08,183.5895,6.9308,68,True,1.968889415706e-06,0.524,5ef76f814c3f6961eee648895ec867ac,0.2360679775,0.962248
BENCH-000180,finite_element_p2,float32,64,9.8089176052263e-05,59.99,3.6012,56,False,0.003033092020925194,0.016,c7e062ec1c2d03acd4611270b18c64ce,0.2360679775,0.939971
BENCH-000181,monte_carlo_metropolis,float64,2048,1.0822815331e-08,1746.4795,74.8152,74,True,3.1944339386937e-05,33.554,d1ea3ef2c32a841df29633ee35f6ca33,0.2360679775,0.957162
BENCH-000182,monte_carlo_metropolis,float32,4096,0.000114010052745197,4880.8466,256.838,83,False,0.3746968834448584,67.109,7968e94aeed94290c17013fefdff7dc8,0.3819660113,0.947378
BENCH-000183,monte_carlo_metropolis,float32,64,0.000101035909562914,73.1113,3.9185,81,False,0.004732802060821959,0.016,4e9dd4008e17177e4797813701c94261,1.0,0.946403
BENCH-000184,adaptive_quadrature,float128,64,9.1e-17,31.8046,1.9178,59,True,3.16e-16,0.066,6adabcb24fdedd59a157faffd0908c29,0.6180339887,0.939702
BENCH-000185,spectral_galerkin,float128,512,1.06e-16,436.6734,20.3682,61,True,1.02938e-13,4.194,186275f8f852825be4ffaeaf331baeff,1.6180339887,0.953356
BENCH-000186,lanczos_eigensolver,float128,1024,1.2e-16,735.3663,9.5946,85,True,7.7605e-14,16.777,1b3c95fb2cac4b0623277bb6e727f36e,2.6180339887,0.986953
BENCH-000187,runge_kutta_4,float64,4096,1.0676929287e-08,2110.6586,118.1912,145,True,3.5014133117126e-05,134.218,364ba59a4584813fe1db41c57d6af3da,4.2360679775,0.944003
BENCH-000188,finite_element_p2,float32,64,9.4550200704181e-05,61.7919,3.3983,68,False,0.008045856357727513,0.016,5ed6414f2c07b06941949cbfddd85e7a,2.6180339887,0.945004
BENCH-000189,conjugate_gradient,float128,128,1.01e-16,74.2316,4.7756,58,True,2.842e-15,0.262,993b851b7818c937099a767024578887,0.2360679775,0.935667
BENCH-000190,spectral_galerkin,float32,256,0.000110997130703838,182.6052,14.4694,68,False,0.00580088488420983,0.262,cb7d7a9be509e7c4638462ed471bbdad,4.2360679775,0.920761
BENCH-000191,spectral_galerkin,float64,256,1.0202735991e-08,187.4214,10.4771,75,True,4.631569304646e-06,0.524,de669c2389c80021f1bdfbf5764a2182,1.0,0.944099
BENCH-000192,fast_fourier_transform,float128,512,1.08e-16,144.2644,11.2758,68,True,1.545e-15,4.194,05b2dc99178ffa4e8177da9708231612,4.2360679775,0.921839
BENCH-000193,lanczos_eigensolver,float64,4096,1.0912744241e-08,3016.7153,121.0985,135,True,8.68388096895e-07,134.218,76fdc8adfc7e4e9641dd156c81001bac,0.6180339887,0.959857
BENCH-000194,finite_element_p2,float32,64,9.6062907511529e-05,61.8559,2.5493,58,False,0.003635898580161753,0.016,e4fbad67cc6b246528501ee53763347d,1.0,0.958786
BENCH-000195,finite_element_p2,float64,64,9.680244269e-09,45.0468,2.3893,44,True,3.51760072759e-07,0.033,8b86042accae06bcca1e706e29fc414f,4.2360679775,0.94696
BENCH-000196,runge_kutta_4,float32,2048,9.382928045256e-05,950.0044,62.7732,86,False,0.42890547365997367,16.777,48702bc8fa1ecb848a26e68bb8165a68,0.3819660113,0.933923
BENCH-000197,adaptive_quadrature,float128,4096,9.5e-17,2297.1288,60.9191,106,True,2.92396e-13,268.435,e3f81eabdf02c904babf9be8eb7783d6,1.6180339887,0.97348
BENCH-000198,runge_kutta_4,float128,128,8.9e-17,49.9199,1.7992,71,True,1.4912e-14,0.262,2f100e02b384cddfb433a97eb9eb6654,1.6180339887,0.963959
BENCH-000199,finite_element_p2,float64,256,9.552859506e-09,216.3023,3.8808,78,True,2.86378396034e-06,0.524,f26582537c9676a60123b4cc0d57f93f,1.0,0.982059
BENCH-000200,lanczos_eigensolver,float32,256,0.000102437663670065,151.5798,3.7925,61,False,0.026088957115448227,0.262,c03424e8a65bafac6f97b318611788db,1.0,0.97498
BENCH-000201,spectral_galerkin,float32,128,0.000106603776289975,87.5924,6.3861,64,False,0.001977616274246807,0.066,98e0f7c470989e00ebe9b02bb840b562,2.6180339887,0.927092
BENCH-000202,finite_element_p2,float128,256,9.7e-17,202.2195,6.1324,77,True,1.3803e-14,1.049,2ab54b51133259ac9b1cf1c9880c905b,2.6180339887,0.969675
BENCH-000203,leapfrog_symplectic,float64,1024,1.0467502249e-08,592.7418,38.7917,101,True,1.2468240401377e-05,8.389,051079a43684785965fd34d53443263c,0.6180339887,0.934555
BENCH-000204,lanczos_eigensolver,float128,256,7.2e-17,189.6042,3.6184,84,True,4.523e-15,1.049,3ce6513848b9ef65422ca1e9fa6016ab,1.0,0.980916
BENCH-000205,conjugate_gradient,float128,512,1.02e-16,250.4135,3.7969,115,True,1.2961e-14,4.194,0eeeb3abb245eb4080f44951551eb900,1.0,0.984837
BENCH-000206,conjugate_gradient,float128,1024,8.9e-17,718.8414,46.4504,91,True,4.422e-14,16.777,954351aa5b30c3a8ff684937ccb31bcd,0.3819660113,0.935382
BENCH-000207,fast_fourier_transform,float128,4096,1.05e-16,1250.3876,25.8969,130,True,3.25853e-13,268.435,18fcdb6702495ff0c238a9ea76c7ef33,2.6180339887,0.979289
BENCH-000208,spectral_galerkin,float64,1024,1.1527687216e-08,676.9048,18.6436,83,True,1.1206446500761e-05,8.389,a42c1a0f6507f19c84f0e69376ddf1dc,0.3819660113,0.972458
BENCH-000209,monte_carlo_metropolis,float128,1024,1.12e-16,1105.1843,56.8359,89,True,3.4084e-14,16.777,0c220a80cf66123788f9c9f8dfcf4e5d,1.6180339887,0.948573
BENCH-000210,adaptive_quadrature,float64,4096,1.0257552238e-08,2222.7435,156.6249,171,True,4.9994661321568e-05,134.218,463a77d90649fa4cccaccc255c42953e,4.2360679775,0.929535
BENCH-000211,adaptive_quadrature,float64,2048,1.0317637514e-08,1268.7465,67.5831,155,True,8.380204956016e-06,33.554,10c67f54a3e3b97c3f119ceea6074f9d,1.6180339887,0.946732
BENCH-000212,monte_carlo_metropolis,float128,256,8.2e-17,260.9485,15.1218,78,True,7.815e-15,1.049,95aea5043a3de7e6b165135f789d1ea8,0.2360679775,0.942051
BENCH-000213,leapfrog_symplectic,float64,512,9.327753071e-09,231.9377,12.1689,79,True,7.022562623228e-06,2.097,082afdbf5d115eb0cad752ea52b4420f,2.6180339887,0.947534
BENCH-000214,finite_element_p2,float64,128,1.0080550705e-08,101.3729,1.7672,70,True,6.58820390919e-07,0.131,406c3da6ea6513d7060a9df8f3441d90,1.0,0.982567
BENCH-000215,spectral_galerkin,float32,64,0.000122905349130315,51.6186,3.6387,33,False,0.009924613681620686,0.016,1bbd0914af390eeb24df21f2ff4be100,0.3819660113,0.929509
BENCH-000216,finite_element_p2,float128,2048,9.3e-17,2132.0497,95.6834,84,True,2.0789e-14,67.109,8fcc8386f4bc145ab99d21040c3d1a15,0.6180339887,0.955121
BENCH-000217,conjugate_gradient,float32,64,0.000111171041340041,36.8627,2.8631,62,False,0.006479703630951138,0.016,bf925de01f4a8f3cc3da38dc118113f4,0.2360679775,0.922332
BENCH-000218,monte_carlo_metropolis,float64,1024,1.1076979434e-08,923.447,39.6538,62,True,5.023636998155e-06,8.389,0772b8f60a79208204f42c2e648ed84c,1.0,0.957059
BENCH-000219,leapfrog_symplectic,float64,2048,9.324302555e-09,991.5421,13.0556,136,True,7.75007261154e-06,33.554,7b9bfefadaf8a4e2c35f5def5496804e,0.6180339887,0.986833
BENCH-000220,lanczos_eigensolver,float64,64,9.173232754e-09,48.0101,2.328,67,True,7.30168169139e-07,0.033,5e66a4f6988c1fc1948c7acfdb15e545,1.6180339887,0.95151
BENCH-000221,euler_implicit,float32,64,8.6010527384217e-05,28.4177,0.9587,78,False,0.003455144310945383,0.016,6ba9c8fcd21e8b5b317a973889b543d7,0.3819660113,0.966264
BENCH-000222,adaptive_quadrature,float128,512,9.7e-17,281.5958,5.5172,79,True,4.8764e-14,4.194,c9aeb59713595bb43297ca89916492e2,1.0,0.980407
BENCH-000223,leapfrog_symplectic,float128,1024,1.15e-16,542.8917,17.5338,78,True,1.0138e-13,16.777,f2642ff0a8d78d7c593f484ddd45e025,4.2360679775,0.967703
BENCH-000224,monte_carlo_metropolis,float128,256,8.8e-17,254.5957,11.2759,63,True,9.856e-15,1.049,c473ca843d6fc387e82e18170dba1656,0.2360679775,0.955711
BENCH-000225,finite_element_p2,float64,2048,1.0801477119e-08,1964.7945,61.9646,145,True,2.6650426974343e-05,33.554,245c435442dad57eb2d32da09c3d4863,2.6180339887,0.968463
BENCH-000226,runge_kutta_4,float128,512,9.9e-17,293.2004,22.8825,78,True,1.7167e-14,4.194,83a1e34cf1e98498d9bc208706b7dbdb,0.2360679775,0.921956
BENCH-000227,adaptive_quadrature,float64,128,8.420241068e-09,68.6935,4.4117,51,True,1.368285160107e-06,0.131,ee089c3ac05c75e009a19278b8f38fea,0.3819660113,0.935778
BENCH-000228,runge_kutta_4,float128,2048,1.02e-16,1036.7535,33.1331,129,True,2.59253e-13,67.109,90b67ae6434b9f05bb50274b2164de83,1.0,0.968042
BENCH-000229,lanczos_eigensolver,float128,512,1.11e-16,316.4857,4.5446,97,True,2.9653e-14,4.194,60a2a5cd650115fc86a450248aa13fa5,0.6180339887,0.98564
BENCH-000230,conjugate_gradient,float128,512,9.8e-17,324.6459,23.9747,80,True,3.909e-14,4.194,09e48c74865d998bff46a1103bf5646c,4.2360679775,0.926151
BENCH-000231,monte_carlo_metropolis,float128,512,1.03e-16,548.0157,26.889,97,True,1.39464e-13,4.194,53c2f46e85ed865daa92dc84f9a6a947,0.6180339887,0.950934
BENCH-000232,monte_carlo_metropolis,float128,128,9.6e-17,114.2009,4.9776,39,True,1.0615e-14,0.262,c6fd172dc1d9e278bd360f2978b12384,2.6180339887,0.956414
BENCH-000233,monte_carlo_metropolis,float64,64,8.879258779e-09,60.4314,4.3936,51,True,3.21694326618e-07,0.033,873ea169e9bad525d7f6da93f626ae3d,4.2360679775,0.927297
BENCH-000234,leapfrog_symplectic,float64,64,9.629297175e-09,33.231,1.138,51,True,1.68041162873e-07,0.033,e1cac91585ff6c37120bc0e35f024170,1.0,0.965755
BENCH-000235,spectral_galerkin,float32,4096,7.7427141489313e-05,2900.5448,170.3548,141,False,0.333099899442491,67.109,d074b5c5e4c5bb6cff8506f8c11815f4,1.6180339887,0.941268
BENCH-000236,spectral_galerkin,float32,64,9.4060085422535e-05,42.8266,2.3407,71,False,0.00201338460183984,0.016,25caec52bacb04a41920a8ac709a5614,2.6180339887,0.945344
BENCH-000237,conjugate_gradient,float32,2048,0.000100132618852838,1216.3812,59.0245,130,False,0.09032157111408134,16.777,63396992a8667a597938b2c18d89a277,1.0,0.951475
BENCH-000238,conjugate_gradient,float128,128,1e-16,70.4842,2.113,92,True,7.98e-15,0.262,49b65980a0347d0f90c6b98b2885bde8,2.6180339887,0.970021
BENCH-000239,adaptive_quadrature,float32,1024,9.861571059285e-05,453.7083,5.7217,118,False,0.04975515387957834,4.194,1eda44ae9e17c67e48c481a7eeba31f5,4.2360679775,0.987389
BENCH-000240,leapfrog_symplectic,float32,4096,9.0669405453128e-05,1973.1835,149.0989,173,False,0.19976936571213655,67.109,9a906a67ac0557004a73d6f55644cc8d,0.2360679775,0.924437
BENCH-000241,runge_kutta_4,float64,1024,8.165815033e-09,441.2287,14.7604,72,True,3.387650314252e-06,8.389,31386ac09eba9f5aef328d9e7f01f55a,1.6180339887,0.966547
BENCH-000242,conjugate_gradient,float32,4096,9.2020256087419e-05,2452.4079,163.372,101,False,0.534067264663119,67.109,4f235e02796d70c67b44724008e71a38,2.6180339887,0.933383
BENCH-000243,monte_carlo_metropolis,float128,128,1.09e-16,129.0258,3.9549,65,True,8.132e-15,0.262,3b041fc3295cfeb46cdc4954a4afd8f3,1.6180339887,0.969348
BENCH-000244,fast_fourier_transform,float64,1024,9.523992519e-09,334.6398,5.5808,122,True,1.275833036813e-06,8.389,163c120af2a089c7868b52bac42b0962,0.3819660113,0.983323
BENCH-000245,runge_kutta_4,float64,512,1.0152094367e-08,298.6817,22.9335,80,True,7.887732000098e-06,2.097,b7c7d373837cb62ddbccdd6d61590499,0.2360679775,0.923218
BENCH-000246,monte_carlo_metropolis,float128,256,9.9e-17,247.4176,4.5217,74,True,2.4151e-14,1.049,0ce38c8ef569eb865bfacb71de92474e,1.6180339887,0.981724
BENCH-000247,monte_carlo_metropolis,float128,64,8.5e-17,52.3593,1.8707,65,True,1.339e-14,0.066,6dac3886b0c51b54b4c35e6cbe8db7cf,1.0,0.964272
BENCH-000248,leapfrog_symplectic,float64,2048,1.0964892311e-08,915.3532,54.1302,141,True,1.968621934356e-05,33.554,a8d0a34195e8ef25173c7a2372907b08,4.2360679775,0.940864
BENCH-000249,spectral_galerkin,float32,2048,0.000100605046994103,1224.0141,19.2549,77,False,0.10554115920353474,16.777,1ac944b99e03b3951cf64d57c37b0ab4,0.2360679775,0.984269
BENCH-000250,adaptive_quadrature,float32,64,0.000110257773935232,28.5106,0.6886,52,False,0.000966026467990431,0.016,903633454d669d12096e4ea4c8cd4021,4.2360679775,0.975849
BENCH-000251,lanczos_eigensolver,float64,64,9.326222947e-09,38.3543,1.6959,70,True,3.84645132656e-07,0.033,a50f10566f3e2f185d87a2a88866db6f,0.2360679775,0.955782
BENCH-000252,conjugate_gradient,float32,1024,8.889326472136e-05,654.5116,32.1469,91,False,0.06911546188101406,4.194,02813322e3ff682b3e20508222d978c4,0.2360679775,0.950884
BENCH-000253,fast_fourier_transform,float64,4096,1.0700979493e-08,1230.4322,18.5944,86,True,3.1389998312135e-05,134.218,8be752df4bce6ec9ab5a56bb3c10db97,1.6180339887,0.984888
BENCH-000254,runge_kutta_4,float32,512,0.000110050750427917,261.1995,16.6719,94,False,0.1552166650432204,1.049,1f0d2e9dfb93d4cd290c445804c888fd,2.6180339887,0.936172
BENCH-000255,fast_fourier_transform,float64,512,7.883930135e-09,164.4921,5.9916,130,True,5.031524639065e-06,2.097,abb84fdb67c3631f57971b2695b1326e,4.2360679775,0.963575
BENCH-000256,lanczos_eigensolver,float32,2048,0.00010321038102116,1378.17,109.5635,101,False,0.0686789442060698,16.777,f7716f03a59d231aa439b851b596eda6,0.3819660113,0.920501
BENCH-000257,runge_kutta_4,float32,256,8.4492889269049e-05,132.6989,5.2667,71,False,0.010748112480963605,0.262,8c5c2ccb8f1d7c4816c0af9dd90925fc,1.0,0.960311
BENCH-000258,finite_element_p2,float32,256,0.000107691059256085,273.937,17.4181,103,False,0.008143727004423354,0.262,5f5df04c6eb45ccfe41bed0a1dc85a4e,1.6180339887,0.936416
BENCH-000259,runge_kutta_4,float32,128,0.000112243593545455,67.5257,2.7855,56,False,0.0257152514401627,0.066,6e934822ec1b68d7ac167908255d9562,0.3819660113,0.958749
BENCH-000260,runge_kutta_4,float64,512,1.0068763644e-08,273.8321,19.2945,109,True,2.119659723556e-06,2.097,ffee55084862875218c7492c73cd065a,0.6180339887,0.929539
BENCH-000261,spectral_galerkin,float128,1024,9.4e-17,862.1065,49.2067,92,True,7.3938e-14,16.777,d0f3f87198e2af2b522c48605f4058dd,0.3819660113,0.942923
BENCH-000262,lanczos_eigensolver,float32,512,9.8893404035874e-05,370.4767,28.3031,118,False,0.07648880055566161,1.049,e8c16ccf91f2bf4a8ca4e454906e3458,2.6180339887,0.923604
BENCH-000263,fast_fourier_transform,float128,512,1.09e-16,157.6981,8.6785,73,True,4.6131e-14,4.194,447508d70cf8a6676dba63cc85118b5a,2.6180339887,0.944968
BENCH-000264,fast_fourier_transform,float64,128,9.803431572e-09,40.7287,1.9409,70,True,8.95282771145e-07,0.131,e5cb2d0ff26dab1314dea36c4a3caf00,4.2360679775,0.952345
BENCH-000265,leapfrog_symplectic,float64,64,7.577603393e-09,25.9161,1.2701,65,True,2.69985117354e-07,0.033,c88db12331b82c47ca38e8841ad4a892,0.3819660113,0.95099
BENCH-000266,finite_element_p2,float128,64,1.17e-16,52.3592,0.8625,58,True,4.811e-15,0.066,f990f8d046f5afbacb647f4f08b2dc7a,0.6180339887,0.983528
BENCH-000267,fast_fourier_transform,float128,1024,8.4e-17,269.5517,6.2459,102,True,1.37326e-13,16.777,eba753d72d3cc8c6aeb7cefc68b21e66,1.6180339887,0.976829
BENCH-000268,spectral_galerkin,float64,128,1.0613853225e-08,89.6829,6.9048,102,True,3.07446874981e-07,0.131,61c40f091637bdcecfbbc5e6d1b2093a,2.6180339887,0.923009
BENCH-000269,euler_implicit,float128,4096,9.3e-17,1654.5289,86.5453,135,True,8.08352e-13,268.435,6c348a89bc7bc67cf1fc2fa76b043927,1.6180339887,0.947692
BENCH-000270,finite_element_p2,float64,512,8.585904632e-09,474.8287,14.9996,66,True,7.026862404669e-06,2.097,829cbb722b67340bc20de1253e2606d7,1.0,0.96841
BENCH-000271,euler_implicit,float128,512,1.01e-16,186.8534,4.5254,87,True,1.4548e-14,4.194,d3dc66dcfecaea9b369c712080825fe7,4.2360679775,0.975781
BENCH-000272,spectral_galerkin,float128,128,1.13e-16,97.2399,4.9478,67,True,1.1845e-14,0.262,4f9966a2b7c5b7b6fccb34b156a3629e,0.3819660113,0.949118
BENCH-000273,finite_element_p2,float32,512,9.3200472727776e-05,446.1068,21.6562,105,False,0.015062309929103396,1.049,ca5215e170c43693392e8f9289948753,4.2360679775,0.951455
BENCH-000274,conjugate_gradient,float128,2048,9.9e-17,1092.51,66.9644,102,True,8.9418e-14,67.109,ceb8b06266be76a6e3e873cf3d063da6,1.6180339887,0.938706
BENCH-000275,conjugate_gradient,float32,1024,0.000125061692643005,605.0267,28.2403,104,False,0.0426548485983561,4.194,802d3dda3c59b93645b9914334124de1,4.2360679775,0.953324
BENCH-000276,runge_kutta_4,float32,512,0.000109167458089722,283.4753,4.1835,97,False,0.03191938914323548,1.049,19f8115ffeb7c93676e0e91615ca3a03,1.0,0.985242
BENCH-000277,finite_element_p2,float32,1024,8.4887222761193e-05,758.0497,56.0143,98,False,0.013032599596690387,4.194,97b6ed3d31abd78b9403f2c2e6bfdc97,1.6180339887,0.926107
BENCH-000278,lanczos_eigensolver,float64,64,1.159168676e-08,45.5522,2.1638,56,True,8.53097369933e-07,0.033,126dd281beac7e2211f66fe83838501e,2.6180339887,0.952498
BENCH-000279,fast_fourier_transform,float32,64,0.000110610574503489,18.0473,0.4849,53,False,0.00369094626305064,0.016,b83dcbe71b03636f1a9509555c8da81b,0.6180339887,0.973132
BENCH-000280,monte_carlo_metropolis,float64,64,9.287140372e-09,68.6754,3.4029,68,True,2.6083335923e-08,0.033,a3c86ee9f9670b28fe07c6882b2347ec,2.6180339887,0.95045
BENCH-000281,euler_implicit,float128,4096,9.9e-17,1604.7804,61.5746,100,True,3.19914e-13,268.435,bdad60810bde237053109431e5806af4,2.6180339887,0.961631
BENCH-000282,runge_kutta_4,float128,128,1.17e-16,70.139,3.8677,51,True,3.5886e-14,0.262,3d0c7aefcd17e3e9c94bca57bb7deabc,0.2360679775,0.944856
BENCH-000283,lanczos_eigensolver,float32,128,0.000104832039730939,107.108,7.7256,65,False,0.000635353300318954,0.066,a2f2f01c09b76995536f38890268648b,0.2360679775,0.927871
BENCH-000284,monte_carlo_metropolis,float128,1024,9.7e-17,970.0524,67.4477,113,True,6.618e-15,16.777,c0ace1c9f1b2a7545fa0fa985d8681a8,0.3819660113,0.93047
BENCH-000285,fast_fourier_transform,float32,256,0.000103877340717944,81.6559,5.5874,53,False,0.03633574912061963,0.262,0bd9e8b710bd80c151375b67d55d2123,0.6180339887,0.931574
BENCH-000286,fast_fourier_transform,float128,128,1.04e-16,32.7176,0.5068,69,True,1.2242e-14,0.262,0c23cff694399ef0fc50b057be73fd24,0.2360679775,0.98451
BENCH-000287,fast_fourier_transform,float32,4096,0.000112107267691498,1305.8071,69.1693,67,False,0.683885924607035,67.109,4b0639d24efd77bff69ea6673d4ca514,0.6180339887,0.947029
BENCH-000288,runge_kutta_4,float128,256,1.02e-16,114.3019,2.9684,65,True,8.311e-15,1.049,b8566d1e4cc8d4b283e3849855dc5aef,0.3819660113,0.97403
BENCH-000289,adaptive_quadrature,float128,512,1.12e-16,301.65,19.8678,88,True,2.3076e-14,4.194,b960de581153294df53fa671afc17332,0.3819660113,0.934136
BENCH-000290,fast_fourier_transform,float128,4096,8.9e-17,1078.5062,34.6928,121,True,2.3107e-14,268.435,40c5efe19abf3415b72dbca18c5e803a,0.6180339887,0.967833
BENCH-000291,conjugate_gradient,float64,4096,9.933949444e-09,2587.6284,59.8193,91,True,1.6352054366898e-05,134.218,4c499c4320e384a3b7350971cda4687f,1.0,0.976883
BENCH-000292,euler_implicit,float32,64,9.7314815374082e-05,26.4988,1.3743,54,False,0.005483952613626408,0.016,5cb641fe47ffde9484798c7b4f7a2c5c,0.6180339887,0.948137
BENCH-000293,fast_fourier_transform,float64,4096,1.185376443e-08,1362.9351,99.9911,150,True,8.647244057516e-06,134.218,51e0638ae34c36fc7056db0acb63b028,0.3819660113,0.926635
BENCH-000294,fast_fourier_transform,float32,128,9.9062405088767e-05,41.4145,0.8372,75,False,0.008842083205379835,0.066,4a960bd6e8b52762e8f88168ad2bb8ce,0.6180339887,0.979785
BENCH-000295,conjugate_gradient,float32,256,9.9919633768642e-05,165.1581,8.8776,71,False,0.009379910936170438,0.262,1cc2d33467b83a32d2cf3aaa9931fc9e,0.2360679775,0.946248
BENCH-000296,leapfrog_symplectic,float64,64,1.0852597525e-08,27.982,1.4946,63,True,5.8557204008e-07,0.033,899d018cfabe035d539e8953cdc4f2f8,0.6180339887,0.946587
BENCH-000297,fast_fourier_transform,float128,1024,1.06e-16,327.5893,24.9982,105,True,8.9615e-14,16.777,d1648fb2c5bdaf0945e9cb81ec044283,1.0,0.92369
BENCH-000298,finite_element_p2,float64,2048,9.606038205e-09,1641.6718,82.5951,111,True,1.9086532841669e-05,33.554,77b407d6b511beb010626398a62a97f8,4.2360679775,0.949688
BENCH-000299,fast_fourier_transform,float64,64,1.06077699e-08,18.6693,1.49,68,True,1.049238388893e-06,0.033,85d36b0d37fff4904044d9861257b587,0.2360679775,0.920191
BENCH-000300,conjugate_gradient,float128,128,9.2e-17,79.2037,4.6333,80,True,1.9111e-14,0.262,e501066ed5c7456deb3ca2353d7f73bc,1.0,0.941502
BENCH-000301,conjugate_gradient,float32,2048,9.7512661353092e-05,1317.4662,27.3902,91,False,0.09023073245632329,16.777,a4b55336c831ed56028b932fa1622ea1,1.0,0.97921
BENCH-000302,adaptive_quadrature,float64,1024,9.034828862e-09,602.2751,44.8258,91,True,1.0819895071542e-05,8.389,1eac682c228350ac8ae1a871e0b9402c,4.2360679775,0.925573
BENCH-000303,finite_element_p2,float128,4096,8.6e-17,3565.5986,56.8668,124,True,5.12811e-13,268.435,1dd5ced9644dfb9d10e2cc73422ee686,0.6180339887,0.984051
BENCH-000304,leapfrog_symplectic,float128,1024,1.28e-16,497.1019,28.5451,73,True,1.28774e-13,16.777,6eba10a323bcc9f63e646c8294f6b57a,4.2360679775,0.942577
BENCH-000305,fast_fourier_transform,float32,64,0.000105768631910189,19.99,1.245,42,False,0.003680214788882086,0.016,d2ea324db0c6bc74d06090359364d3dc,0.3819660113,0.93772
BENCH-000306,conjugate_gradient,float64,512,8.531775246e-09,317.8598,18.541,126,True,1.236122885787e-05,2.097,6ba6b6ed21120884fc870544b2fd4bec,1.0,0.941669
BENCH-000307,euler_implicit,float64,512,1.0372001564e-08,200.6457,13.6825,87,True,4.876318573712e-06,2.097,0203d13deef63a3a9dab793378608fc7,0.6180339887,0.931808
BENCH-000308,conjugate_gradient,float32,1024,8.8693709486994e-05,621.881,25.2929,94,False,0.07518724236403589,4.194,003707140bffaada71236c0f22e6426f,0.6180339887,0.959328
BENCH-000309,runge_kutta_4,float128,64,1.09e-16,32.4149,0.5723,68,True,1.5306e-14,0.066,aaed06b5cc77486aa9fedaa452047ca0,2.6180339887,0.982345
BENCH-000310,spectral_galerkin,float128,128,9.2e-17,93.2421,3.7153,45,True,4.946e-15,0.262,71ebea53cda07be96a1b1885ad3f1d5b,2.6180339887,0.960154
BENCH-000311,leapfrog_symplectic,float32,2048,9.4480526092173e-05,844.365,52.0274,127,False,0.14171728902395622,16.777,e1fc5c80559c565d77c667d52329899a,1.0,0.938383
BENCH-000312,fast_fourier_transform,float32,2048,0.000101772089305589,662.8174,39.2807,118,False,0.2621939084952916,16.777,1415222ae1577b4483f9364f2299b826,4.2360679775,0.940737
BENCH-000313,lanczos_eigensolver,float32,256,9.4917802917264e-05,196.8039,5.5823,92,False,0.022615712446836453,0.262,cc21af38c8a16ce2520d433b1def2ff7,2.6180339887,0.971635
BENCH-000314,finite_element_p2,float128,512,9e-17,421.3506,14.4754,104,True,5.2607e-14,4.194,70a65af1d4abc04989854fb623801a43,4.2360679775,0.965645
BENCH-000315,monte_carlo_metropolis,float128,1024,1.05e-16,1051.8815,19.1972,95,True,6.404e-14,16.777,2b5c81ec6bd20a3aa6bba15a6f0bfe19,2.6180339887,0.98175
BENCH-000316,leapfrog_symplectic,float128,512,9.5e-17,236.5672,8.7198,100,True,6.3721e-14,4.194,79c764b8bcd6131a3d246c3f85459634,2.6180339887,0.96314
BENCH-000317,leapfrog_symplectic,float128,128,9.5e-17,57.806,1.851,65,True,1.217e-15,0.262,8e9c79ec11c1c3ecd4087b618a1fcd14,0.6180339887,0.967979
BENCH-000318,runge_kutta_4,float64,128,1.0332670039e-08,69.9288,3.4482,61,True,1.112808648182e-06,0.131,edc778985e0bc2bed7ba237dff6ab49a,1.0,0.950689
BENCH-000319,fast_fourier_transform,float128,4096,9.4e-17,1254.4875,62.1948,124,True,2.61463e-13,268.435,72e9cd87622b09bbdf20aee71130b4d1,0.2360679775,0.950422
BENCH-000320,monte_carlo_metropolis,float32,1024,9.5808639791263e-05,1197.1536,59.3735,103,False,0.1135839045779988,4.194,981d9c4e2db3f8c60496b1a614ea8e04,1.6180339887,0.950404
BENCH-000321,euler_implicit,float128,64,9.9e-17,28.784,2.2844,40,True,2.771e-15,0.066,88ad49aa5940c7901aa7c259d9f4e0e7,4.2360679775,0.920637
BENCH-000322,conjugate_gradient,float128,128,1.05e-16,76.5708,5.2149,70,True,1.126e-14,0.262,257d6b56b644a1c8b740930100cc1986,0.2360679775,0.931895
BENCH-000323,conjugate_gradient,float64,256,1.0276452463e-08,148.6092,10.4874,101,True,3.23393626987e-06,0.524,824e5ab397797a7e24992c503a80fe54,0.3819660113,0.92943
BENCH-000324,adaptive_quadrature,float128,256,1.09e-16,125.9883,5.036,59,True,3.2558e-14,1.049,3e11635f332f27d99491a334aaf03dbd,4.2360679775,0.960028
BENCH-000325,spectral_galerkin,float32,1024,9.5191108030972e-05,818.289,39.0437,86,False,0.13611092145206283,4.194,3a7a5f35cff1a8d01ef4100a5a1757d3,0.6180339887,0.952286
BENCH-000326,adaptive_quadrature,float64,4096,7.862108852e-09,2209.0586,148.1454,146,True,4.0358754655028e-05,134.218,52c685c5089ee78aefaab762c3090ba2,1.0,0.932937
BENCH-000327,runge_kutta_4,float64,4096,9.133314829e-09,1783.6306,34.4033,132,True,2.6221770296213e-05,134.218,43487a63052fdc282485ac1cc1a959ae,0.3819660113,0.980712
BENCH-000328,fast_fourier_transform,float64,128,9.300640368e-09,36.9797,1.4421,51,True,5.01207227987e-07,0.131,8612429e8abd6a492dc1f89b4027c367,4.2360679775,0.961004
BENCH-000329,euler_implicit,float64,1024,9.998087294e-09,346.5038,24.7446,77,True,3.326991197071e-06,8.389,8042bce46953a15c2a0b238cce4eedea,1.6180339887,0.928588
BENCH-000330,runge_kutta_4,float128,64,9.9e-17,28.4813,1.6089,57,True,1.776e-15,0.066,c3f8c3ec6b57e79ee0b300238db96cd6,1.6180339887,0.94351
BENCH-000331,fast_fourier_transform,float32,512,0.000105294663601351,137.601,4.4859,85,False,0.06636781016848159,1.049,8a57104101abb3624f30f26c97cc540a,0.3819660113,0.967399
BENCH-000332,adaptive_quadrature,float64,4096,9.15845613e-09,2536.5711,33.9613,154,True,3.8453765138487e-05,134.218,8639147482144cd2831f429c6bcfaee8,1.0,0.986611
BENCH-000333,runge_kutta_4,float32,4096,0.000106034888189702,2237.4061,177.7142,48,False,0.6282815541769391,67.109,264e1517c5354a725bcc88bfe2ac3bf5,0.3819660113,0.920571
BENCH-000334,monte_carlo_metropolis,float32,4096,0.000107298529681182,3961.5296,221.1372,119,False,0.42381681833653734,67.109,72b12e083190f2b04faf97f8d302c251,2.6180339887,0.944179
BENCH-000335,leapfrog_symplectic,float32,512,8.8665299619896e-05,204.0858,12.8301,82,False,0.008539858342081008,1.049,93f47737a4ff0a3b69ef894506f48830,0.2360679775,0.937134
BENCH-000336,runge_kutta_4,float32,512,0.000111843641008479,272.1606,12.6177,87,False,0.002465289421050289,1.049,2cb7d8ce236bf3845a176b38eb436bb0,0.6180339887,0.953639
BENCH-000337,euler_implicit,float64,2048,1.0258547848e-08,842.3815,31.0122,108,True,9.695837434491e-06,33.554,6822135b415a0dfb92e2674a66b376cc,0.6180339887,0.963185
BENCH-000338,finite_element_p2,float64,128,8.643080924e-09,129.3841,9.2141,56,True,1.292220302285e-06,0.131,9e571c70c9e764c0b4d5a57a41954fb9,0.2360679775,0.928785
BENCH-000339,lanczos_eigensolver,float128,64,9.5e-17,43.086,1.49,64,True,9.869e-15,0.066,1b2f87f67bef1f5c0d160da8370db7e0,1.0,0.965417
BENCH-000340,adaptive_quadrature,float128,512,1.03e-16,272.3581,4.639,90,True,7.0177e-14,4.194,65a08f75804d63291f5939ff760e05f5,1.0,0.982967
BENCH-000341,finite_element_p2,float64,256,1.0192609679e-08,213.5891,11.7738,80,True,3.53687768193e-06,0.524,c7646e465d67205e1f4a98ae3be3785c,2.6180339887,0.944877
BENCH-000342,adaptive_quadrature,float64,4096,1.0217505384e-08,2233.8538,154.7947,131,True,1.9965270727656e-05,134.218,a8ec638d999d05275d077bdd2f04c892,1.6180339887,0.930705
BENCH-000343,lanczos_eigensolver,float32,2048,8.8792759074823e-05,1563.5646,101.4224,114,False,0.12945411736753645,16.777,c70614d314601a7bac74d99b79de9535,1.0,0.935134
BENCH-000344,euler_implicit,float32,512,9.7517974467688e-05,198.8041,14.3558,106,False,0.003579927929626,1.049,4bf64d6cbfe23d7352ac145399bd9222,0.6180339887,0.927789
BENCH-000345,leapfrog_symplectic,float64,4096,1.0554339439e-08,1679.8773,81.0456,132,True,4.3155137725153e-05,134.218,28082a5195f2cc773a9dabd10228cb8b,4.2360679775,0.951755
BENCH-000346,euler_implicit,float32,1024,0.000107106682338791,422.7504,5.4061,132,False,0.07178375540225862,4.194,f00807d8c313fb879c32ea88d75ec10b,1.6180339887,0.987212
BENCH-000347,monte_carlo_metropolis,float128,2048,9e-17,2046.6013,121.0089,133,True,1.12716e-13,67.109,00a59fe45a5e536a10d5474d0f628901,1.6180339887,0.940873
BENCH-000348,leapfrog_symplectic,float64,64,9.56012541e-09,32.0051,0.7753,65,True,7.08724767993e-07,0.033,a00c61e6cc5d5f18c74b225ed2702f99,1.0,0.975776
BENCH-000349,adaptive_quadrature,float128,4096,1.08e-16,1959.1394,28.6584,107,True,6.76755e-13,268.435,dd2022ba5047d242a6876393d2e11b0b,4.2360679775,0.985372
BENCH-000350,spectral_galerkin,float32,128,0.000109148655091683,101.2848,4.2272,60,False,0.007592994849114279,0.066,4a00834c467055d185470ad1aaaac961,2.6180339887,0.958264
BENCH-000351,leapfrog_symplectic,float32,64,9.5934588357544e-05,24.4774,0.5255,73,False,0.002173506827263705,0.016,6ac5a12b290e10308d256f01c1527faf,4.2360679775,0.978532
BENCH-000352,monte_carlo_metropolis,float32,256,0.000112175365846397,287.9344,8.2964,100,False,0.032297647705588343,0.262,d2d1f043fa6d2ad8abe8f04c9ca5d114,0.2360679775,0.971186
BENCH-000353,finite_element_p2,float64,256,9.227605734e-09,227.7126,17.8193,66,True,1.986673230282e-06,0.524,5ba648c89ef60582a6ed3a8fc9f20e89,1.6180339887,0.921746
BENCH-000354,finite_element_p2,float32,512,0.000103833087161369,439.2735,9.2299,95,False,0.11148734010225943,1.049,332565fcc7408ccdc0fe83a91d98c0da,2.6180339887,0.978988
BENCH-000355,euler_implicit,float32,2048,9.7003378798192e-05,817.8374,57.5798,110,False,0.22431595994776846,16.777,a53d90f4f930cc17ff751e5141b8c652,1.0,0.929595
BENCH-000356,leapfrog_symplectic,float32,4096,0.000117585306382093,1916.43,114.9503,110,False,0.2849173539046895,67.109,d14c4451a7472b6c10873ea8324c1586,0.3819660113,0.940019
BENCH-000357,fast_fourier_transform,float128,256,9.9e-17,79.8653,2.8829,45,True,7.04e-16,1.049,69e028482d87401f35e802130c7b2c78,0.3819660113,0.963903
BENCH-000358,spectral_galerkin,float128,64,1.04e-16,47.4838,2.0207,55,True,1.254e-14,0.066,f478fc50edbf76b1c0f8adffbafed511,0.6180339887,0.957443
BENCH-000359,euler_implicit,float128,512,1.07e-16,205.4861,10.1647,81,True,7.1933e-14,4.194,d5f9c1b1b072a203f461b33bac8d12d6,1.0,0.950534
BENCH-000360,finite_element_p2,float128,512,1.17e-16,459.6919,28.1664,59,True,3.0879e-14,4.194,96ba846edcd2cb5bd5b0e6a2367aaad7,0.3819660113,0.938728
BENCH-000361,runge_kutta_4,float64,64,1.009833786e-08,34.9345,2.4024,81,True,1.106734436011e-06,0.033,3ca21080895c15dba7c8634d493211b0,0.2360679775,0.93123
BENCH-000362,fast_fourier_transform,float128,2048,9.8e-17,653.3505,51.4958,60,True,2.45992e-13,67.109,d5bf4c762010e47ca2b45c96d92a50d2,0.3819660113,0.921182
BENCH-000363,monte_carlo_metropolis,float32,64,0.0001187773325826,57.5181,2.6679,56,False,0.006991516298052594,0.016,0f748bce462363462d2de212d816751b,2.6180339887,0.953617
BENCH-000364,euler_implicit,float128,64,8.6e-17,25.4757,0.958,56,True,1.075e-15,0.066,0607cdb031f0731534c83c39a60d1644,2.6180339887,0.962395
BENCH-000365,leapfrog_symplectic,float32,256,9.9399751657597e-05,125.1972,8.2702,72,False,0.039518996469846794,0.262,8f8ef321d45eae480d8ede45ba96edd9,0.6180339887,0.933943
BENCH-000366,conjugate_gradient,float64,128,1.060034645e-08,79.1379,5.112,62,True,4.00192506703e-07,0.131,522532abd5f490d807444375f95a6260,0.3819660113,0.935404
BENCH-000367,conjugate_gradient,float64,256,8.968575829e-09,164.148,12.7255,83,True,1.901927805543e-06,0.524,c7955cd675dd8357fbc1de5e56fd657e,0.6180339887,0.922476
BENCH-000368,euler_implicit,float32,128,0.000103015470920817,47.1216,2.7957,62,False,0.005545997268850363,0.066,dc1f1414fc47aca2cb89220415697d7a,4.2360679775,0.940671
BENCH-000369,finite_element_p2,float32,64,9.3648415931128e-05,42.9083,1.6192,69,False,0.001528942366773792,0.016,3e20d8d950ff16402c790fe124f2b422,4.2360679775,0.962263
BENCH-000370,leapfrog_symplectic,float32,512,0.000107784577566009,207.1575,10.0489,96,False,0.01434515177563963,1.049,419b543ddddf08e1bd186342b0f10f27,4.2360679775,0.951492
BENCH-000371,leapfrog_symplectic,float32,64,0.000116135038487019,30.6964,0.7846,63,False,0.007124009600688466,0.016,914b11c50549fead1fc2b47d8b59edee,2.6180339887,0.97444
BENCH-000372,euler_implicit,float128,1024,9.9e-17,484.4606,5.5839,139,True,8.6194e-14,16.777,2e58ec6d6c57e93f71c22eb7b3aa5e52,1.0,0.988474
BENCH-000373,leapfrog_symplectic,float32,4096,0.000104292103788754,1697.9066,22.0537,105,False,0.06285990451782485,67.109,5ea287eabd8ad6e217e4556efcf7b517,1.6180339887,0.987011
BENCH-000374,fast_fourier_transform,float128,512,9e-17,153.9672,6.1381,66,True,8.0161e-14,4.194,2dadf6327ef253ab6ea26a544ba14908,0.6180339887,0.960134
BENCH-000375,monte_carlo_metropolis,float64,128,1.1356745845e-08,131.8417,3.5867,65,True,1.438311324123e-06,0.131,6b489d83251708d8f106f9aeb842a07a,1.6180339887,0.972795
BENCH-000376,conjugate_gradient,float32,64,9.8989378606416e-05,40.4501,0.9693,70,False,0.00513071375900578,0.016,91d565d116f32cf164fd132ec6f8d7f6,2.6180339887,0.976038
BENCH-000377,lanczos_eigensolver,float32,512,0.000101878957948282,325.2699,15.6508,50,False,0.01107085618943126,1.049,6de06954cf8a13726b3c26d60baaaabd,1.6180339887,0.951884
BENCH-000378,finite_element_p2,float64,256,1.0374057822e-08,248.6599,6.2989,102,True,2.808819853099e-06,0.524,f9d3ab0d6a443c63f7cc89bdf82cb7bd,0.2360679775,0.974669
BENCH-000379,conjugate_gradient,float128,256,1.04e-16,93.1235,7.2803,98,True,2.2956e-14,1.049,45a12d1bc67cd563b30ecf146167719c,0.6180339887,0.921821
BENCH-000380,lanczos_eigensolver,float128,64,1.02e-16,33.9555,1.7079,71,True,7.05e-16,0.066,b65ad86bf62b420bfe3b5be141c09cd6,4.2360679775,0.949702
BENCH-000381,leapfrog_symplectic,float32,128,8.4859576003226e-05,51.8699,3.0517,72,False,0.001336981326134511,0.066,f899eae7cfd0b640f06652a3dff10cad,2.6180339887,0.941166
BENCH-000382,finite_element_p2,float128,1024,1.15e-16,1096.3558,75.1758,119,True,2.90883e-13,16.777,4aa59898f1b96cf73e160da6d9ce54e1,1.6180339887,0.931431
BENCH-000383,monte_carlo_metropolis,float32,512,0.000103303933048965,516.1134,26.898,110,False,0.007531625342583666,1.049,2c297d3a3cefe645b8b0c365c39c1211,0.6180339887,0.947884
BENCH-000384,adaptive_quadrature,float32,4096,0.000110840173452698,2514.4627,186.8614,131,False,0.3330458930525716,67.109,3f27da0da819339347458befe1aaeba2,0.2360679775,0.925685
BENCH-000385,leapfrog_symplectic,float128,2048,1.15e-16,842.5674,58.3509,145,True,4.59734e-13,67.109,0b3f8b0ee7b1925871e71c4156977270,0.6180339887,0.930746
BENCH-000386,fast_fourier_transform,float128,64,9.5e-17,20.6501,1.6171,58,True,6.505e-15,0.066,ddf8910cf28d9856fe5df39a1dd07068,2.6180339887,0.92169
BENCH-000387,conjugate_gradient,float128,256,1.12e-16,189.5381,11.0973,105,True,2.1814e-14,1.049,3c8c1860bcf39e738930813256d7987d,0.3819660113,0.941451
BENCH-000388,adaptive_quadrature,float32,512,9.4662115027847e-05,321.8971,6.0885,84,False,0.11711613219121546,1.049,37475454d4f67a39fbfc4f167673af15,1.6180339887,0.981086
BENCH-000389,fast_fourier_transform,float128,64,1.04e-16,20.7298,1.3809,46,True,6.103e-15,0.066,ceb31477ac6a4631f3160597314b84a6,0.2360679775,0.933384
BENCH-000390,conjugate_gradient,float32,256,9.9784307044082e-05,142.28,11.2069,96,False,0.04624282869472879,0.262,b2c501b9cb4218da88d845b3811ebb1e,0.2360679775,0.921233
BENCH-000391,finite_element_p2,float64,64,9.927685359e-09,61.9445,0.9134,59,True,3.03556153602e-07,0.033,ee4ea3c4230c873e200ee6c251a159b3,0.2360679775,0.985254
BENCH-000392,runge_kutta_4,float64,512,9.712014985e-09,188.8949,13.5851,72,True,2.10816338361e-07,2.097,7c210c2c1f6f9251c27bb82008261e34,1.6180339887,0.928081
BENCH-000393,fast_fourier_transform,float32,4096,8.018831034782e-05,1260.3484,70.0349,114,False,0.18065131013891353,67.109,3967caaac5461012f4742a3d2f7bf3c2,0.2360679775,0.944432
BENCH-000394,runge_kutta_4,float64,64,8.969925561e-09,39.154,0.5949,65,True,4.88299828918e-07,0.033,cc8463d3c0d9c535e2e0e25d7090f4ea,2.6180339887,0.984806
BENCH-000395,euler_implicit,float128,64,8.5e-17,31.929,2.3157,56,True,5.529e-15,0.066,484aa28d14d91c0f742898215fae735c,2.6180339887,0.927474
BENCH-000396,leapfrog_symplectic,float128,512,1.03e-16,239.2837,5.8358,100,True,7.5456e-14,4.194,09ebfd7286ad594a0c48868f72f60f0e,2.6180339887,0.975611
BENCH-000397,lanczos_eigensolver,float64,2048,9.855076813e-09,1537.1204,20.7119,72,True,1.6835674482369e-05,33.554,f87e95f9be10ed75669f6dd6159b964c,0.3819660113,0.986526
BENCH-000398,runge_kutta_4,float64,64,9.249573337e-09,33.1744,1.8691,53,True,2.32669792145e-07,0.033,6fd00a9493170b476fcb5e27d920a761,0.2360679775,0.943659
BENCH-000399,spectral_galerkin,float32,2048,9.8926167737236e-05,1597.3334,110.318,102,False,0.19038169786922135,16.777,7c32b09f809bda926895eee40b3583d7,1.0,0.930936
BENCH-000400,monte_carlo_metropolis,float32,2048,9.3850099959562e-05,2012.157,144.8441,93,False,0.15276014936558785,16.777,79ca473ab288ce6cee7bf76fc1533fdd,0.6180339887,0.928016
BENCH-000401,conjugate_gradient,float64,256,1.0117619467e-08,165.6128,2.3707,80,True,3.843157565018e-06,0.524,e0e69822fdf5f5122569ccbe10884566,0.2360679775,0.985685
BENCH-000402,finite_element_p2,float128,512,1.13e-16,449.542,21.9161,107,True,9.0042e-14,4.194,a05106ae67c676a09c1a267b1b7eb34b,1.0,0.951248
BENCH-000403,lanczos_eigensolver,float128,4096,1.12e-16,2721.6457,72.1098,112,True,4.3832e-13,268.435,582812a2f96fb2a7a240358079aa833d,4.2360679775,0.973505
BENCH-000404,runge_kutta_4,float128,1024,1.15e-16,458.1816,26.3122,92,True,4.0728e-14,16.777,e1c4599d63676d3cfc7f423e14f25fd7,4.2360679775,0.942573
BENCH-000405,conjugate_gradient,float32,128,0.00011790321005922,74.3705,1.4006,32,False,0.02084006210291197,0.066,3481466c609fffd1b8396bfe2a512a22,1.0,0.981167
BENCH-000406,spectral_galerkin,float128,128,1.04e-16,89.597,6.6083,74,True,2.543e-15,0.262,668b5e3dd5408f7681dce7a175132616,1.0,0.926244
BENCH-000407,lanczos_eigensolver,float64,1024,9.629909923e-09,767.9655,32.3091,124,True,1.2372030530863e-05,8.389,bc55f64588d8a6aef6b309447f1a6f75,1.6180339887,0.957929
BENCH-000408,adaptive_quadrature,float128,4096,9.1e-17,2365.6046,48.1968,85,True,3.29515e-13,268.435,f51c77d24f82a268e2376d45a09ec6dd,0.2360679775,0.979626
BENCH-000409,euler_implicit,float128,4096,1.07e-16,1718.1381,81.6018,106,True,3.73332e-13,268.435,f1d5633405fee8b8911b3715acc75e1f,1.0,0.952506
BENCH-000410,conjugate_gradient,float128,1024,9.4e-17,620.7664,23.7184,77,True,9.8342e-14,16.777,4ddb35d57b33513b83e46ca416471347,1.0,0.961792
BENCH-000411,runge_kutta_4,float64,256,9.883908382e-09,124.2112,5.374,78,True,2.425886336627e-06,0.524,aaa2493faf63dac7d34fca71aa29eef2,0.6180339887,0.956735
BENCH-000412,monte_carlo_metropolis,float64,256,1.1088823806e-08,213.7668,12.3856,91,True,3.51118413374e-07,0.524,a3cd0e6c6ed42d0a3d535c94298754ab,0.6180339887,0.94206
BENCH-000413,conjugate_gradient,float64,256,9.81898164e-09,132.8505,2.1588,46,True,1.991121428942e-06,0.524,736dba08b5ce0621556ceeecb2a46a8d,1.0,0.98375
BENCH-000414,conjugate_gradient,float128,4096,9.8e-17,2517.1122,164.63,154,True,2.51927e-13,268.435,321f92d5a036876a39b45575734a563d,1.0,0.934596
BENCH-000415,leapfrog_symplectic,float128,1024,1.06e-16,466.2548,31.8476,107,True,7.0548e-14,16.777,9bd4812a7e1606766a32449bb4e091db,1.0,0.931695
BENCH-000416,runge_kutta_4,float64,2048,1.0301307317e-08,1117.1817,47.475,70,True,2.8823578695216e-05,33.554,2ff7776656baddcffd88e3af4c060661,2.6180339887,0.957505
BENCH-000417,runge_kutta_4,float32,256,8.9157033644837e-05,128.9795,9.9619,60,False,0.004595411444456298,0.262,cc6417fd8fe14276c92f223fff77bab3,0.6180339887,0.922764
BENCH-000418,leapfrog_symplectic,float64,2048,1.0211788116e-08,886.5515,10.5691,151,True,1.2588348144934e-05,33.554,5f031b4ee191ced2938615e488831994,4.2360679775,0.988078
BENCH-000419,spectral_galerkin,float32,2048,0.000101059925435042,1639.2612,91.1611,66,False,0.0345004803628868,16.777,64fb6258f2cca8c09dab6030307b8679,4.2360679775,0.944389
BENCH-000420,runge_kutta_4,float64,128,9.185052072e-09,57.065,0.6045,69,True,2.125897538754e-06,0.131,abde681a3fca4d6e52540c1f414c0cae,0.6180339887,0.989408
BENCH-000421,monte_carlo_metropolis,float64,512,1.0660436194e-08,466.4208,11.7886,82,True,6.266897893971e-06,2.097,17b24f61382fb56624bfd8619239e6cd,1.6180339887,0.974725
BENCH-000422,fast_fourier_transform,float128,64,1.39e-16,19.5425,1.5175,68,True,9.641e-15,0.066,505f8b876b98bb82f404114b499e21eb,1.6180339887,0.922346
BENCH-000423,adaptive_quadrature,float64,256,9.540777779e-09,126.0082,4.2263,77,True,2.136142631236e-06,0.524,e2c3f973f9d2a6dbae34c13b71724452,0.6180339887,0.96646
BENCH-000424,monte_carlo_metropolis,float128,2048,1.14e-16,1960.0094,45.4432,93,True,1.875e-14,67.109,819a9727c0a006d836e073e319df975b,0.2360679775,0.976815
BENCH-000425,adaptive_quadrature,float64,2048,9.767509765e-09,1182.4298,13.9312,91,True,2.76419725295e-07,33.554,9e155148d24da253e3eaf6d3e01944ec,1.0,0.988218
BENCH-000426,fast_fourier_transform,float64,2048,1.1530746338e-08,635.6205,31.8083,123,True,3.5350718062584e-05,33.554,1c09c76c00050e7d2ea080ea65770eb6,0.3819660113,0.949957
BENCH-000427,lanczos_eigensolver,float128,4096,7.7e-17,2970.6963,104.256,115,True,1.81859e-13,268.435,f6392bc99e3a4abaae5cf7c6f7ab3947,2.6180339887,0.964905
BENCH-000428,lanczos_eigensolver,float32,256,0.000104279120982717,184.5967,5.1882,89,False,0.042284018158896264,0.262,a38141e05e88690fc32bb761c5711cdf,0.3819660113,0.971894
BENCH-000429,finite_element_p2,float128,64,1.01e-16,61.6331,4.376,38,True,6.481e-15,0.066,8d12cb9f782fe2b39fd574241229d5f5,0.6180339887,0.929
BENCH-000430,monte_carlo_metropolis,float128,256,9.5e-17,258.8931,3.5617,65,True,2.399e-14,1.049,06a82be15604c50752732bb9d2cd9d56,1.6180339887,0.986243
BENCH-000431,euler_implicit,float64,128,7.989459026e-09,51.1691,1.8788,68,True,3.25336843138e-07,0.131,4965565f2048247d5a5e10590cb38659,4.2360679775,0.963283
BENCH-000432,leapfrog_symplectic,float32,128,8.3765584026478e-05,71.8025,5.2056,77,False,0.000499507081310563,0.066,c4b6a5f3a8d8bb46c818a0f5e2f52c89,4.2360679775,0.927501
BENCH-000433,leapfrog_symplectic,float32,512,8.5423354679387e-05,289.1689,9.2358,108,False,0.017102381871010344,1.049,7a8e60e478d9c42690d68da0d1df97bc,0.3819660113,0.968061
BENCH-000434,leapfrog_symplectic,float128,4096,1.1e-16,2114.4384,136.5561,137,True,3.47587e-13,268.435,634c594d9713092bb786c30e72d08a6e,1.0,0.935417
BENCH-000435,fast_fourier_transform,float64,512,9.793925047e-09,156.4507,3.7484,87,True,6.04144111293e-07,2.097,5078e052584aa564b2377273cb011798,0.6180339887,0.976041
BENCH-000436,lanczos_eigensolver,float32,64,9.3764615364592e-05,39.1654,1.0738,56,False,0.005170351890033485,0.016,a02418645985634e3dc68930b2b9789e,0.3819660113,0.972582
BENCH-000437,euler_implicit,float64,1024,9.486866039e-09,396.5065,26.8312,95,True,7.687231306155e-06,8.389,65bae591db323f3554c9fc5a1cc2f607,2.6180339887,0.932331
BENCH-000438,lanczos_eigensolver,float128,1024,8.9e-17,844.5151,67.2936,76,True,1.63854e-13,16.777,1310d031c1f6ca40639065afd9a0d08e,0.6180339887,0.920317
BENCH-000439,spectral_galerkin,float32,4096,9.4084935122622e-05,3198.1936,194.7758,146,False,0.46047280885984754,67.109,79ca389afb112ea9bdc4884f5fcfa8fd,1.6180339887,0.939098
BENCH-000440,lanczos_eigensolver,float32,64,9.0302158924019e-05,49.6298,0.6261,66,False,0.003110651520256824,0.016,6fdf6b77099ced1ca1d1c83108f7628c,1.6180339887,0.987385
BENCH-000441,adaptive_quadrature,float32,1024,0.000114720115865946,560.4279,31.2437,130,False,0.022236624369037963,4.194,f75aac5e19208419f8bf89d77f940228,1.0,0.94425
BENCH-000442,conjugate_gradient,float64,64,8.915482025e-09,37.125,0.7692,54,True,7.57695590903e-07,0.033,7cbbd1605d471ed69cfb4739b7e2d189,0.6180339887,0.979281
BENCH-000443,fast_fourier_transform,float128,64,9.6e-17,17.9014,0.9379,74,True,8.775e-15,0.066,e7a66749ead1823afee9f576e012f31e,0.2360679775,0.947606
BENCH-000444,lanczos_eigensolver,float128,1024,1.04e-16,740.5753,12.9145,104,True,6.7189e-14,16.777,a673e7e39c46b85bd19c9a7a5b34a2e4,0.6180339887,0.982562
BENCH-000445,lanczos_eigensolver,float32,256,9.7586799283442e-05,164.843,2.1031,69,False,0.000390407518718105,0.262,fe0572f6c435e34684de5941b37ca5d6,1.0,0.987242
BENCH-000446,finite_element_p2,float32,64,0.00010430391921866,57.799,1.0248,47,False,0.003500932471441893,0.016,b2f39d2f4e02c1ddbb3843b39c37a962,0.2360679775,0.98227
BENCH-000447,lanczos_eigensolver,float32,2048,9.641598143671e-05,1126.9749,62.1003,51,False,0.14582161645971656,16.777,5c9e521595f24b44cde5cd394f188485,0.6180339887,0.944896
BENCH-000448,conjugate_gradient,float32,64,0.000107871431303263,31.1898,2.1726,48,False,0.00798576253372732,0.016,96b74d598ebba333106422ae71b005fc,1.0,0.930343
BENCH-000449,euler_implicit,float32,4096,0.000100157929571174,1588.2475,110.6054,112,False,0.21458850032677457,67.109,4a8d102a2b594048ce2b29dce9d97fd3,0.6180339887,0.93036
BENCH-000450,conjugate_gradient,float128,256,1.03e-16,148.9083,9.9839,86,True,2.4392e-14,1.049,9629c52663c491f91bcb067c007c555b,1.0,0.932952
BENCH-000451,monte_carlo_metropolis,float64,2048,1.1060507886e-08,1751.6982,97.0778,113,True,1.0617443114046e-05,33.554,f52e68bb9ccbfe5061480daf95d11a76,2.6180339887,0.944581
BENCH-000452,runge_kutta_4,float32,64,8.8450463856459e-05,34.1536,2.2596,56,False,0.003223841786619272,0.016,e3b063c415f3ed4785b4f4d1d3e89c8b,1.0,0.933841
BENCH-000453,finite_element_p2,float128,64,1.13e-16,48.5851,2.9593,70,True,5.242e-15,0.066,6947963c3f391780b0fd305d96172f2b,1.0,0.93909
BENCH-000454,euler_implicit,float64,512,1.0746562805e-08,209.3435,6.6983,82,True,7.947421358937e-06,2.097,bc41b22551d9c15ec2c68af7b5a31719,4.2360679775,0.968003
BENCH-000455,adaptive_quadrature,float128,1024,1.04e-16,701.9711,49.9242,69,True,1.9478e-14,16.777,beaf89117fae707d74f459812a3d9920,1.6180339887,0.92888
BENCH-000456,euler_implicit,float64,2048,9.832358395e-09,726.2583,41.0044,102,True,8.866517036206e-06,33.554,6612734d432068d9218e47bfa95115c2,4.2360679775,0.94354
BENCH-000457,lanczos_eigensolver,float128,64,1.23e-16,45.5644,2.0682,46,True,1.771e-15,0.066,fd0cdf81313c468b337c8752c27293f7,0.3819660113,0.95461
BENCH-000458,euler_implicit,float64,256,1.0151575839e-08,129.4922,1.7513,83,True,3.676892598356e-06,0.524,1515c9b7b145cab634d4b2a819c259a2,1.0,0.986475
BENCH-000459,spectral_galerkin,float32,512,8.7747500992615e-05,401.2103,6.4841,74,False,0.000379862436155864,1.049,f09b5dda01ac2347f2f1e60d3a041cb5,1.0,0.983839
BENCH-000460,runge_kutta_4,float32,512,8.912445435944e-05,273.1001,2.7342,110,False,0.033584504656890835,1.049,a756c8d6b08ed9dbb1797e7ba622b0b7,1.6180339887,0.989988
BENCH-000461,monte_carlo_metropolis,float128,1024,1.04e-16,1171.2075,89.6265,95,True,2.693e-14,16.777,c7394ff0205368738979570ce441932c,0.3819660113,0.923475
BENCH-000462,conjugate_gradient,float64,1024,1.0147833831e-08,531.7299,31.9921,85,True,8.636423688451e-06,8.389,73973c2ec9c7ea5b2982e087356827fc,0.2360679775,0.939834
BENCH-000463,spectral_galerkin,float32,256,9.1304241515628e-05,213.4854,14.0887,65,False,0.006676812564451365,0.262,a2e54faa305687a843b0010ffc3f1f98,0.2360679775,0.934006
BENCH-000464,runge_kutta_4,float32,512,0.000110091431287075,287.4081,17.3908,109,False,0.04821535723700348,1.049,26dd7271870ed5714ad825058bba6b18,0.3819660113,0.939491
BENCH-000465,euler_implicit,float64,128,8.319221473e-09,53.5806,3.2242,81,True,6.90293055213e-07,0.131,07078e90743d30ee7a53f8194d0ba03d,2.6180339887,0.939825
BENCH-000466,adaptive_quadrature,float32,4096,0.000108597257777337,2096.1384,107.4316,58,False,0.03022767037374708,67.109,93ac983a952c01af01f0d08da5b97546,0.2360679775,0.948748
BENCH-000467,lanczos_eigensolver,float128,64,9e-17,43.234,2.2031,78,True,4.59e-15,0.066,b16be162d2819898f50c39316f2aab6a,0.3819660113,0.949042
BENCH-000468,adaptive_quadrature,float32,2048,0.000101863579025739,1078.0953,60.4019,94,False,0.11374661719027186,16.777,31cb0403e77dab94cef2c6b9880173ce,1.0,0.943973
BENCH-000469,fast_fourier_transform,float128,2048,1.01e-16,565.4234,43.7929,133,True,4.1719e-14,67.109,7633b54e43ff1a394298a51d53c6d907,0.3819660113,0.922548
BENCH-000470,leapfrog_symplectic,float64,1024,9.486760222e-09,387.9903,11.9982,88,True,1.8399502138181e-05,8.389,d82a6b5c1790fd87666facd83b11c066,2.6180339887,0.969076
BENCH-000471,lanczos_eigensolver,float128,128,1.04e-16,101.5431,3.0809,58,True,1.6467e-14,0.262,6ae08a92678f7ca213688be9e78fc531,2.6180339887,0.969659
BENCH-000472,leapfrog_symplectic,float128,1024,9.7e-17,422.6098,7.6401,86,True,9.0977e-14,16.777,b6537d0d0b80bc0f8bb19081f3386098,1.6180339887,0.981922
BENCH-000473,fast_fourier_transform,float128,2048,1.1e-16,567.4446,40.5288,106,True,1.6879e-14,67.109,a8f5f8dc88c492f5c3527d07fa4a1ef2,0.2360679775,0.928577
BENCH-000474,runge_kutta_4,float64,128,1.0322579523e-08,64.715,1.8566,78,True,3.692558087669e-06,0.131,036b2cd6d59e48fccb776018c3c6de07,2.6180339887,0.971312
BENCH-000475,monte_carlo_metropolis,float32,4096,0.000116202710957249,4368.6187,106.0703,98,False,0.11476867582521867,67.109,9b4cee57a9c5d535cbd58dd2205f9ba2,1.0,0.97572
BENCH-000476,euler_implicit,float128,4096,9.4e-17,1450.5361,37.281,105,True,3.05688e-13,268.435,98e8ab86efbf7c3f15a789d13ac9d319,1.6180339887,0.974298
BENCH-000477,monte_carlo_metropolis,float128,2048,1.09e-16,2106.4117,82.4863,117,True,3.30845e-13,67.109,afc6f804342cd2a239741be30d4be8bf,1.6180339887,0.96084
BENCH-000478,runge_kutta_4,float32,2048,9.9882689700786e-05,1166.5528,75.4348,138,False,0.2805148434323398,16.777,54dfdef5c8b7e0d39f84a2491d481de0,2.6180339887,0.935335
BENCH-000479,finite_element_p2,float128,1024,1e-16,860.8038,52.2887,107,True,1.04297e-13,16.777,42ac2eaef5096c90935526ca1ed8475a,2.6180339887,0.939256
BENCH-000480,euler_implicit,float32,128,9.9528030480216e-05,48.6299,0.6246,68,False,0.00981358281181626,0.066,8b1bab46896183407d3a2dc136c700ef,0.3819660113,0.987156
BENCH-000481,adaptive_quadrature,float64,64,9.237443211e-09,40.0419,0.8343,66,True,4.2918411255e-07,0.033,d460e46f35d9e18301c7eb144a36e020,0.2360679775,0.979164
BENCH-000482,adaptive_quadrature,float128,256,8.7e-17,141.8894,4.9755,82,True,1.9033e-14,1.049,833aedad7e2efe451c3730bf84db0e65,0.3819660113,0.964934
BENCH-000483,leapfrog_symplectic,float128,64,1.01e-16,27.1468,1.3035,50,True,3.429e-15,0.066,b361cda1a136c066709512e421affbbd,0.3819660113,0.951984
BENCH-000484,finite_element_p2,float64,256,9.337500007e-09,284.7516,15.1715,59,True,4.82769516198e-07,0.524,984a195dee960ba31b8957cc0da541a6,4.2360679775,0.94672
BENCH-000485,runge_kutta_4,float32,2048,9.579354680968e-05,1086.5267,59.7139,124,False,0.07178399492993984,16.777,3a45cc05c1dff1dd216f310aa1918328,0.2360679775,0.945041
BENCH-000486,finite_element_p2,float64,4096,1.0929074964e-08,3563.0645,170.3737,109,True,9.6454119516267e-05,134.218,7c14c49c2244c94dcd8947f3556e17bc,4.2360679775,0.952183
BENCH-000487,finite_element_p2,float128,4096,8.8e-17,3663.0403,112.6399,107,True,2.59402e-13,268.435,9e44d5aa415cb2b88335c38e37b827eb,0.2360679775,0.96925
BENCH-000488,euler_implicit,float32,4096,9.8821305920002e-05,1633.7027,23.8243,100,False,0.6120698585431276,67.109,25d50293ae78da6e2c55719837576d0d,4.2360679775,0.985417
BENCH-000489,fast_fourier_transform,float32,128,8.4859576420589e-05,36.9944,2.898,73,False,0.015469705802024053,0.066,ba220092a74999c84ae46ffa01c6ebe0,0.2360679775,0.921664
BENCH-000490,leapfrog_symplectic,float32,512,9.9425594504693e-05,224.1347,3.3906,95,False,0.03488179453945553,1.049,f1a19e6496de4cfa24deb3aa8cb139e8,0.2360679775,0.984873
BENCH-000491,adaptive_quadrature,float32,256,9.0840046918209e-05,149.2565,5.7182,73,False,0.021121044221100244,0.262,319a7253bb07cbe0b485cd61cc47bbc2,0.2360679775,0.961689
BENCH-000492,lanczos_eigensolver,float32,2048,9.932907132681e-05,1382.682,86.0257,150,False,0.11144320703220184,16.777,506aa8132953b235972a71bab4277ece,0.6180339887,0.937783
BENCH-000493,lanczos_eigensolver,float32,256,0.000101945533598503,164.4297,2.64,81,False,0.027874664193784253,0.262,1892f8aab21cc01cc7cca527380a8b9a,1.0,0.983945
BENCH-000494,runge_kutta_4,float64,128,9.470404902e-09,63.2766,2.3646,75,True,1.455535896639e-06,0.131,d9a807fbd33136acb5b1e5bb597e0b5a,2.6180339887,0.962631
BENCH-000495,leapfrog_symplectic,float64,2048,1.1966515095e-08,765.7808,54.1405,76,True,4.933779431227e-05,33.554,17dd12b2d65c059eb31fa4a7e626bc59,0.2360679775,0.9293
BENCH-000496,lanczos_eigensolver,float128,128,1.01e-16,90.2292,4.6708,36,True,7.228e-15,0.262,f1aa9157861927981ce7b9ade984fb2a,0.6180339887,0.948234
BENCH-000497,spectral_galerkin,float128,2048,1.08e-16,1455.6811,56.6053,93,True,2.09577e-13,67.109,df4df3e4307c497c55dff535e89b0031,0.3819660113,0.961114
BENCH-000498,leapfrog_symplectic,float32,1024,0.000103337402480604,434.7019,9.8656,112,False,0.1969475002946479,4.194,b03def851b8f21a711c8256ba4c53197,4.2360679775,0.977305
BENCH-000499,lanczos_eigensolver,float64,2048,9.211277772e-09,1397.1242,20.5592,138,True,1.7553835576933e-05,33.554,73e52fd980db0cb212ce66e015e94778,1.0,0.985285
